gene	trait	n_uniq_nonsyn_variants	n_non_coding_cs	cohorts	is_xpop	coding_non_coding_only	closest_distance	closest_pair_coding	closest_pair_non_coding
ATG16L2	AG	1	1	BBJ, UKBB	TRUE	FALSE	34501	11:72533536:C:T	11:72499035:T:C
CPS1	AG	1	1	BBJ, UKBB	TRUE	FALSE	9349	2:211540507:C:A	2:211549856:G:A
CXCR5	AG	1	1	BBJ, UKBB	TRUE	FALSE	11642	11:118765283:G:A	11:118753641:C:T
DAB2	AG	1	3	BBJ, UKBB	TRUE	FALSE	3299	5:39376988:C:T	5:39373689:C:A
TNFRSF13B	AG	4	2	BBJ, UKBB	TRUE	TRUE	3355	17:16842991:G:A	17:16839636:C:T
TNFSF12	AG	1	4	BBJ, UKBB	TRUE	FALSE	38	17:7462969:A:G	17:7462931:C:A
TNFSF13	AG	1	4	BBJ, UKBB	TRUE	FALSE	218	17:7462468:G:T	17:7462250:G:A
RP13-30A9.2	Age_at_Menopause	1	1	UKBB	FALSE	FALSE	24226	20:61265219:T:C	20:61289445:C:A
IRF4	AID	1	1	FG	FALSE	FALSE	3908	6:394867:C:A	6:398775:G:A
ALB	Alb	1	2	BBJ, UKBB	TRUE	FALSE	1030	4:74275120:A:T	4:74276150:G:A
FCGR2A	Alb	1	1	UKBB	FALSE	FALSE	28179	1:161479745:A:G	1:161507924:A:G
FCGRT	Alb	3	5	BBJ, UKBB	TRUE	TRUE	779	19:50017538:G:C	19:50016759:C:T
HGFAC	Alb	2	2	BBJ, UKBB	TRUE	TRUE	2604	4:3449915:A:G	4:3447311:C:T
TNFSF12	Alb	1	1	BBJ, UKBB	TRUE	FALSE	13991	17:7462969:A:G	17:7448978:C:T
WDR81	Alb	1	4	UKBB	FALSE	FALSE	4969	17:1637174:G:A	17:1642143:A:G
APOE	ALP	2	2	UKBB	FALSE	TRUE	18201	19:45412079:C:T	19:45430280:C:G
CYP2A6	ALP	1	3	BBJ, UKBB	TRUE	FALSE	1426	19:41354533:A:T	19:41353107:T:C
DNAJC13	ALP	1	1	UKBB	FALSE	FALSE	297	3:132235344:A:T	3:132235047:A:G
FUT2	ALP	3	1	BBJ, UKBB	TRUE	TRUE	10743	19:49206674:G:A	19:49217417:C:T
GPLD1	ALP	3	5	BBJ	FALSE	TRUE	12238	6:24466917:T:C	6:24454679:G:A
IFITM2	ALP	1	5	BBJ, UKBB	TRUE	FALSE	3508	11:309127:A:G	11:305619:T:C
IFITM3	ALP	1	5	BBJ, UKBB	TRUE	FALSE	15186	11:320805:G:T	11:305619:T:C
IFITM5	ALP	1	2	BBJ, UKBB	TRUE	FALSE	6208	11:299411:C:G	11:305619:T:C
NR1H4	ALP	1	1	UKBB	FALSE	FALSE	27374	12:100926308:T:C	12:100898934:A:G
OSGIN1	ALP	3	3	UKBB	FALSE	TRUE	5658	16:83992895:A:G	16:83987237:C:A
SLC22A1	ALP	1	1	UKBB	FALSE	FALSE	26865	6:160543148:C:T	6:160570013:C:T
ST3GAL4	ALP	1	6	BBJ, UKBB	TRUE	FALSE	2197	11:126278203:T:C	11:126276006:C:T
TNFRSF11A	ALP	1	2	BBJ, UKBB	TRUE	FALSE	2823	18:60052034:A:G	18:60054857:A:C
TRIM5	ALP	1	1	UKBB	FALSE	FALSE	10383	11:5701074:C:A	11:5690691:A:C
AKNA	ALT	1	3	BBJ, UKBB	TRUE	FALSE	18787	9:117103973:A:G	9:117085186:C:G
APOE	ALT	1	1	UKBB	FALSE	FALSE	13519	19:45411941:T:C	19:45425460:A:G
GPT	ALT	3	1	BBJ, UKBB	TRUE	TRUE	1120	8:145732114:G:C	8:145733234:G:A
HSD17B13	ALT	1	1	UKBB	FALSE	FALSE	17621	4:88231429:G:A	4:88213808:A:G
ABCA1	ApoA	1	1	UKBB	FALSE	TRUE	48276	9:107620797:A:G	9:107669073:T:C
ABCA8	ApoA	1	1	UKBB	FALSE	FALSE	11353	17:66879927:C:T	17:66868574:G:C
ANGPTL4	ApoA	1	1	UKBB	FALSE	FALSE	7177	19:8429323:G:A	19:8422146:AGGAGTT:A
APOC3	ApoA	1	3	UKBB	FALSE	FALSE	783	11:116701560:G:A	11:116700777:G:C
C12orf49	ApoA	1	1	UKBB	FALSE	FALSE	14880	12:117160976:T:C	12:117175856:G:A
CD300LG	ApoA	1	1	UKBB	FALSE	FALSE	19650	17:41926126:C:T	17:41945776:G:A
LCAT	ApoA	1	1	UKBB	FALSE	FALSE	4126	16:67976320:A:T	16:67972194:A:AT
LIPC	ApoA	2	1	UKBB	FALSE	TRUE	285	15:58855748:C:T	15:58856033:T:C
LIPG	ApoA	2	2	UKBB	FALSE	TRUE	11817	18:47113165:C:T	18:47124982:C:G
LPL	ApoA	2	2	UKBB	FALSE	TRUE	3703	8:19811733:G:A	8:19808030:G:A
NUDT17	ApoA	1	1	UKBB	FALSE	FALSE	49962	1:145586678:AC:A	1:145536716:T:A
ABCA6	ApoB	1	1	UKBB	FALSE	FALSE	1684	17:67081278:A:G	17:67082962:C:G
APOC3	ApoB	1	2	UKBB	FALSE	FALSE	8001	11:116701354:G:A	11:116693353:C:T
APOE	ApoB	1	2	UKBB	FALSE	FALSE	1292	19:45411941:T:C	19:45413233:G:T
CETP	ApoB	2	1	UKBB	FALSE	TRUE	15998	16:57007361:T:C	16:56991363:C:T
LDLR	ApoB	1	2	UKBB	FALSE	FALSE	25163	19:11231203:G:A	19:11206040:C:T
PCSK9	ApoB	2	5	UKBB	FALSE	TRUE	6849	1:55505647:G:T	1:55498798:C:T
DNAJC13	AST	1	1	UKBB	FALSE	FALSE	15597	3:132235344:A:T	3:132250941:A:G
GOT1	AST	4	3	BBJ, UKBB	TRUE	TRUE	534	10:101157378:CGTT:C	10:101156844:C:A
HSD17B13	AST	1	1	UKBB	FALSE	FALSE	17621	4:88231429:G:A	4:88213808:A:G
PANX1	AST	1	1	BBJ, UKBB	TRUE	FALSE	48643	11:93913036:A:G	11:93864393:C:G
RNF213	AST	1	1	UKBB	FALSE	TRUE	23592	17:78272294:C:T	17:78248702:G:T
SH2B3	AST	1	1	UKBB	FALSE	FALSE	39652	12:111884608:T:C	12:111844956:C:T
IL33	Asthma	1	1	UKBB	FALSE	FALSE	45868	9:6255967:G:C	9:6210099:T:C
IL4R	Asthma	1	3	BBJ, UKBB	TRUE	FALSE	375	16:27356224:G:A	16:27355849:G:A
CASZ1	Balding_Type4	1	2	UKBB	FALSE	FALSE	40938	1:10699140:CTCGTCG:C	1:10658202:G:A
FCGR3B	Baso	1	1	UKBB	FALSE	FALSE	1216	1:161599779:G:C	1:161600995:C:T
RASGRP4	Baso	1	1	UKBB	FALSE	FALSE	15900	19:38901633:C:T	19:38917533:C:T
SLC45A3	Baso	1	1	BBJ	FALSE	FALSE	16956	1:205632217:GGCCGACAGCCCTTCTGCTGGCTCGGTGGGGCCCAGC:G	1:205649173:T:C
ADAMTS10	BFP	1	1	UKBB	FALSE	FALSE	3446	19:8670147:C:T	19:8673593:T:C
FGA	Blood_Clot_Lung	1	1	FG, UKBB	TRUE	FALSE	17686	4:155507590:T:C	4:155525276:G:A
GIPR	BMI	2	2	BBJ, FG, UKBB	TRUE	TRUE	1120	19:46181392:G:C	19:46182512:C:T
LSP1	BrC	1	1	FG, UKBB	TRUE	FALSE	11484	11:1902768:G:A	11:1891284:T:A
SLC14A2	BUN	1	1	BBJ	FALSE	FALSE	20304	18:43206985:A:G	18:43227289:A:G
AKAP6	BW	1	1	FG, UKBB	TRUE	FALSE	10418	14:33293122:A:G	14:33303540:C:T
CCND3	BW	1	1	UKBB	FALSE	FALSE	5723	6:41903798:C:A	6:41909521:CCG:C
GIPR	BW	4	1	BBJ, FG, UKBB	TRUE	TRUE	2997	19:46178043:G:T	19:46175046:A:T
SIX6	BW	1	1	FG, UKBB	TRUE	FALSE	45354	14:60976537:C:A	14:61021891:A:G
STC2	BW	1	2	BBJ, UKBB	TRUE	FALSE	1511	5:172755066:C:A	5:172753555:T:G
TP53	BW	1	2	FG, UKBB	TRUE	FALSE	7720	17:7579472:G:C	17:7571752:T:G
CASR	Ca	3	2	UKBB	FALSE	TRUE	3516	3:122003757:G:T	3:122000241:C:T
CYP24A1	Ca	1	2	UKBB	FALSE	FALSE	2597	20:52788189:C:T	20:52790786:T:G
FCGRT	Ca	2	3	BBJ, UKBB	TRUE	TRUE	6355	19:50027872:G:A	19:50034227:C:T
HGFAC	Ca	2	3	BBJ, UKBB	TRUE	TRUE	5721	4:3449652:G:A	4:3443931:A:G
RNF217	Ca	1	1	UKBB	FALSE	FALSE	45405	6:125379202:A:G	6:125333797:T:C
NOD2	CD	1	1	FG, UKBB	TRUE	FALSE	4047	16:50763778:G:GC	16:50759731:T:A
ABCG5	Cholelithiasis	2	6	BBJ, FG, UKBB	TRUE	TRUE	1260	2:44051573:T:TA	2:44052833:C:A
ABCG8	Cholelithiasis	4	4	BBJ, FG, UKBB	TRUE	TRUE	1026	2:44100999:A:G	2:44102025:A:T
GCKR	Cholelithiasis	1	1	BBJ, FG, UKBB	TRUE	FALSE	21523	2:27730940:T:C	2:27752463:G:A
APOE	CRP	1	2	BBJ, UKBB	TRUE	FALSE	18339	19:45411941:T:C	19:45430280:C:G
CRP	CRP	1	4	BBJ, UKBB	TRUE	FALSE	8759	1:159683814:G:A	1:159692573:T:C
IL6R	CRP	1	2	BBJ, UKBB	TRUE	FALSE	1313	1:154426970:A:C	1:154428283:A:G
NLRP3	CRP	1	2	UKBB	FALSE	FALSE	5047	1:247607973:C:T	1:247613020:T:C
SALL1	CRP	1	4	UKBB	FALSE	FALSE	1100	16:51171126:T:C	16:51170026:G:T
CADM1	eBMD	1	1	UKBB	FALSE	FALSE	35515	11:115080365:G:A	11:115044850:C:A
MEPE	eBMD	1	3	UKBB	FALSE	FALSE	3811	4:88767008:G:A	4:88770819:C:T
RREB1	eBMD	1	1	UKBB	FALSE	FALSE	19194	6:7231843:G:A	6:7251037:C:T
WNT1	eBMD	1	3	UKBB	FALSE	FALSE	5713	12:49373410:T:A	12:49379123:G:C
ALDH1L1	eGFR	1	1	UKBB	FALSE	FALSE	24933	3:125879755:C:T	3:125904688:G:A
ARG1	eGFR	1	2	UKBB	FALSE	FALSE	9161	6:131897807:G:A	6:131888646:CCAA:C
COL18A1	eGFR	1	1	UKBB	FALSE	FALSE	9007	21:46931109:G:A	21:46922102:G:A
RBM47	eGFR	1	1	UKBB	FALSE	FALSE	6523	4:40428091:C:T	4:40421568:C:T
SLC22A2	eGFR	1	1	BBJ	FALSE	FALSE	34172	6:160671657:G:A	6:160637485:G:T
SLC34A1	eGFR	1	1	BBJ, UKBB	TRUE	FALSE	9265	5:176813232:GGTCCCCAAGCTGCGCCAGGCT:G	5:176803967:TC:T
SLC47A1	eGFR	4	1	BBJ, UKBB	TRUE	TRUE	1041	17:19437280:G:T	17:19438321:T:C
SLC6A19	eGFR	1	1	UKBB	FALSE	FALSE	18526	5:1212453:G:A	5:1193927:G:C
TFCP2L1	eGFR	1	1	BBJ, UKBB	TRUE	FALSE	35710	2:122038783:G:A	2:122003073:A:G
COL18A1	eGFRcys	1	1	UKBB	FALSE	FALSE	3541	21:46930092:G:A	21:46926551:C:T
CYP24A1	eGFRcys	2	1	UKBB	FALSE	TRUE	2597	20:52788189:C:T	20:52790786:T:G
INS-IGF2	eGFRcys	1	1	UKBB	FALSE	FALSE	10338	11:2169014:A:G	11:2179352:G:C
LRP2	eGFRcys	1	1	UKBB	FALSE	FALSE	24426	2:170029657:C:T	2:170054083:C:G
NEXN	eGFRcys	1	1	UKBB	FALSE	FALSE	42979	1:78392446:G:A	1:78349467:T:TCAGCCTCCTGAGTAGCTGGGATTA
SH2B3	eGFRcys	2	1	UKBB	FALSE	TRUE	39652	12:111884608:T:C	12:111844956:C:T
ADRB2	Eosino	1	1	UKBB	FALSE	FALSE	7886	5:148206885:C:T	5:148198999:C:T
ALOX15	Eosino	1	2	UKBB	FALSE	FALSE	20108	17:4542349:T:C	17:4522241:G:A
ASB2	Eosino	1	1	UKBB	FALSE	FALSE	35252	14:94417531:T:C	14:94452783:A:G
BCL2A1	Eosino	1	1	BBJ, UKBB	TRUE	FALSE	8655	15:80263345:A:C	15:80272000:G:A
CSF2	Eosino	1	1	BBJ, UKBB	TRUE	FALSE	25378	5:131411460:T:C	5:131436838:C:T
EPX	Eosino	1	1	BBJ, UKBB	TRUE	FALSE	32943	17:56274420:T:C	17:56307363:C:A
GFI1B	Eosino	1	3	UKBB	FALSE	FALSE	5992	9:135863638:C:T	9:135857646:C:T
GSE1	Eosino	1	1	UKBB	FALSE	FALSE	2566	16:85696635:A:T	16:85699201:T:TACA
IFITM2	Eosino	1	3	BBJ, UKBB	TRUE	FALSE	1062	11:309127:A:G	11:308065:T:C
IL17RA	Eosino	2	1	UKBB	FALSE	TRUE	29711	22:17586757:T:C	22:17557046:G:A
IL5RA	Eosino	1	2	BBJ, UKBB	TRUE	FALSE	2546	3:3139957:T:C	3:3142503:C:A
JAK2	Eosino	1	1	UKBB	FALSE	FALSE	43648	9:5081828:G:C	9:5038180:C:T
PRG3	Eosino	2	1	BBJ, UKBB	TRUE	TRUE	29573	11:57146225:A:G	11:57175798:G:A
RAP1GAP2	Eosino	1	1	UKBB	FALSE	FALSE	18580	17:2883588:C:A	17:2865008:A:G
TNFRSF8	Eosino	1	1	UKBB	FALSE	FALSE	45141	1:12175658:G:A	1:12130517:C:T
VLDLR	Eosino	1	1	UKBB	FALSE	FALSE	22454	9:2622278:G:A	9:2599824:T:TA
ARHGEF12	FEV1FVC	1	1	UKBB	FALSE	FALSE	8384	11:120340060:A:T	11:120348444:A:G
SMAD3	FEV1FVC	1	1	UKBB	FALSE	FALSE	2068	15:67457698:A:G	15:67455630:C:T
ABCB11	GGT	1	1	BBJ, UKBB	TRUE	TRUE	38915	2:169820801:C:T	2:169859716:C:T
GGT1	GGT	1	5	BBJ, UKBB	TRUE	FALSE	7268	22:25010855:A:G	22:25003587:C:T
HNF1A	GGT	1	1	UKBB	FALSE	FALSE	45275	12:121416864:C:T	12:121462139:G:C
RORC	GGT	1	2	UKBB	FALSE	FALSE	694	1:151804213:G:A	1:151804907:T:C
SEPT9	GGT	1	1	UKBB	FALSE	FALSE	26676	17:75398498:C:T	17:75371822:T:C
ANKH	Glucose	1	1	UKBB	FALSE	FALSE	39475	5:14751305:C:T	5:14790780:G:A
G6PC2	Glucose	4	3	BBJ, UKBB	TRUE	TRUE	114	2:169763262:C:T	2:169763148:T:C
MYL7	Glucose	1	2	BBJ, UKBB	TRUE	FALSE	30696	7:44178626:A:G	7:44209322:G:A
RREB1	Glucose	1	1	UKBB	FALSE	FALSE	4820	6:7231843:G:A	6:7236663:C:T
ABCG2	Gout	1	1	FG	FALSE	FALSE	43111	4:89052323:G:T	4:89095434:G:A
ACO1	Hb	1	1	UKBB	FALSE	FALSE	31834	9:32418353:C:T	9:32450187:T:C
EGLN2	Hb	2	2	UKBB	FALSE	TRUE	1512	19:41306650:C:T	19:41305138:G:T
EPO	Hb	1	2	UKBB	FALSE	FALSE	5159	7:100319633:G:A	7:100314474:C:T
SLC9A3R2	Hb	1	1	UKBB	FALSE	FALSE	1364	16:2086421:C:T	16:2087785:T:C
TFR2	Hb	3	1	BBJ, UKBB	TRUE	TRUE	11623	7:100226902:C:T	7:100238525:T:C
TMPRSS6	Hb	3	1	BBJ, UKBB	TRUE	TRUE	33304	22:37471208:G:A	22:37504512:C:A
AMPD3	HbA1c	1	1	UKBB	FALSE	FALSE	30634	11:10508903:G:T	11:10478269:G:C
ANK1	HbA1c	3	4	UKBB	FALSE	TRUE	2865	8:41543675:G:A	8:41540810:G:C
ANKH	HbA1c	1	1	UKBB	FALSE	FALSE	17461	5:14751305:C:T	5:14768766:C:T
APOE	HbA1c	1	1	UKBB	FALSE	FALSE	18339	19:45411941:T:C	19:45430280:C:G
FN3K	HbA1c	1	2	UKBB	FALSE	FALSE	13583	17:80699238:A:G	17:80685655:A:G
G6PC2	HbA1c	2	1	UKBB	FALSE	TRUE	114	2:169763262:C:T	2:169763148:T:C
GLP1R	HbA1c	1	1	UKBB	FALSE	FALSE	24204	6:39046794:G:A	6:39070998:A:G
ITGAD	HbA1c	1	1	UKBB	FALSE	FALSE	14404	16:31418975:C:T	16:31404571:T:C
MYL7	HbA1c	1	3	BBJ, UKBB	TRUE	FALSE	32711	7:44178626:A:G	7:44211337:T:C
PIEZO1	HbA1c	5	1	UKBB	FALSE	TRUE	25778	16:88802726:C:T	16:88828504:G:C
RREB1	HbA1c	1	2	UKBB	FALSE	FALSE	13506	6:7231843:G:A	6:7218337:T:C
SPTA1	HbA1c	2	1	UKBB	FALSE	TRUE	5379	1:158607935:T:G	1:158613314:G:A
TMPRSS6	HbA1c	1	1	UKBB	FALSE	FALSE	42616	22:37462936:A:G	22:37505552:C:T
ABCA1	HDLC	5	3	BBJ, UKBB	TRUE	TRUE	2042	9:107562804:T:C	9:107564846:T:C
ABCA8	HDLC	1	1	UKBB	FALSE	FALSE	11353	17:66879927:C:T	17:66868574:G:C
ANGPTL4	HDLC	1	2	UKBB	FALSE	FALSE	7177	19:8429323:G:A	19:8422146:AGGAGTT:A
APOA1	HDLC	1	2	BBJ, UKBB	TRUE	FALSE	2458	11:116707736:C:T	11:116705278:C:T
APOA5	HDLC	1	4	BBJ, UKBB	TRUE	FALSE	1734	11:116661394:G:C	11:116663128:C:T
APOB	HDLC	3	2	BBJ, UKBB	TRUE	TRUE	10167	2:21231524:G:A	2:21221357:G:T
APOC3	HDLC	1	3	BBJ, UKBB	TRUE	FALSE	3718	11:116701560:G:A	11:116705278:C:T
CD300LG	HDLC	1	1	UKBB	FALSE	FALSE	19650	17:41926126:C:T	17:41945776:G:A
CETP	HDLC	2	5	BBJ, UKBB	TRUE	TRUE	370	16:57017292:A:G	16:57017662:G:A
COBLL1	HDLC	1	1	UKBB	FALSE	FALSE	22325	2:165551201:T:C	2:165528876:C:T
LIPC	HDLC	3	1	BBJ, UKBB	TRUE	TRUE	2197	15:58855748:C:T	15:58857945:A:T
LIPG	HDLC	2	4	BBJ, UKBB	TRUE	TRUE	6414	18:47113165:C:T	18:47119579:A:G
MARC1	HDLC	1	2	UKBB	FALSE	FALSE	2141	1:220970028:A:G	1:220972169:A:G
SCARB1	HDLC	2	4	BBJ, UKBB	TRUE	TRUE	5601	12:125296457:T:C	12:125290856:A:T
ABHD15	Height	1	1	FG, UKBB	TRUE	FALSE	26790	17:27889986:T:C	17:27916776:G:C
ACAN	Height	4	7	BBJ, FG, UKBB	TRUE	TRUE	2004	15:89415247:C:G	15:89413243:T:C
ADAMTS17	Height	1	1	BBJ, UKBB	TRUE	TRUE	19249	15:100533312:C:T	15:100514063:C:T
ADCY3	Height	1	1	FG, UKBB	TRUE	FALSE	34739	2:25141538:A:G	2:25176277:A:T
CCDC3	Height	1	3	BBJ, FG, UKBB	TRUE	TRUE	2679	10:12940432:G:T	10:12943111:G:A
CCND3	Height	1	1	UKBB	FALSE	FALSE	5723	6:41903798:C:A	6:41909521:CCG:C
CDKN1B	Height	1	3	BBJ, FG, UKBB	TRUE	FALSE	7250	12:12871099:T:G	12:12878349:G:C
CDKN1C	Height	1	1	UKBB	FALSE	FALSE	44449	11:2906196:ACCGCGACCGGAG:A	11:2861747:A:AAAAC
COPG1	Height	1	3	BBJ, FG, UKBB	TRUE	FALSE	3506	3:128987359:G:A	3:128983853:A:G
CRISPLD2	Height	1	1	BBJ, FG	TRUE	FALSE	37767	16:84872195:G:C	16:84909962:T:G
CSGALNACT1	Height	1	1	BBJ, UKBB	TRUE	FALSE	4872	8:19363306:G:A	8:19358434:G:A
CTU2	Height	1	2	UKBB	FALSE	FALSE	24290	16:88780634:AGGTGTG:A	16:88804924:TC:T
E2F7	Height	1	1	UKBB	FALSE	FALSE	13403	12:77439823:G:C	12:77453226:G:T
ELN	Height	1	1	BBJ, UKBB	TRUE	FALSE	20749	7:73474825:G:C	7:73495574:C:T
ENPP2	Height	1	1	UKBB	FALSE	FALSE	9629	8:120596023:A:G	8:120605652:G:A
FGF18	Height	1	1	BBJ, FG	TRUE	FALSE	19660	5:170883681:C:T	5:170864021:G:T
FGFR4	Height	1	4	BBJ, FG, UKBB	TRUE	FALSE	4153	5:176516631:G:A	5:176512478:C:T
FNDC3B	Height	1	1	FG, UKBB	TRUE	TRUE	1782	3:171969077:C:G	3:171970859:A:G
H1FX	Height	1	2	FG, UKBB	TRUE	FALSE	42568	3:129034615:T:G	3:128992047:G:A
HAPLN3	Height	1	3	BBJ, UKBB	TRUE	FALSE	11627	15:89424870:G:T	15:89413243:T:C
IGFBP3	Height	2	1	BBJ, UKBB	TRUE	TRUE	1864	7:45954540:C:T	7:45952676:CT:C
IHH	Height	2	1	BBJ, FG	TRUE	TRUE	5877	2:219924961:G:T	2:219930838:G:A
LRP1	Height	1	2	UKBB	FALSE	FALSE	8412	12:57539082:C:T	12:57530670:T:C
LUM	Height	1	1	FG, UKBB	TRUE	FALSE	738	12:91498031:G:A	12:91497293:A:G
NOSTRIN	Height	1	1	UKBB	FALSE	FALSE	11625	2:169707428:C:T	2:169719053:TGTAA:T
NPR3	Height	2	2	FG, UKBB	TRUE	TRUE	18085	5:32784907:G:A	5:32766822:T:C
NRK	Height	1	1	BBJ, UKBB	TRUE	FALSE	42912	X:105167411:A:G	X:105210323:A:G
PDE3A	Height	1	2	BBJ, UKBB	TRUE	FALSE	8767	12:20522252:G:A	12:20531019:A:T
PHC3	Height	1	1	UKBB	FALSE	FALSE	40282	3:169831268:T:C	3:169871550:C:CA
PITX1	Height	1	1	BBJ, FG	TRUE	FALSE	26295	5:134364518:C:G	5:134338223:C:T
PPARA	Height	1	1	UKBB	FALSE	FALSE	1102	22:46614274:C:G	22:46615376:G:A
QSOX2	Height	1	4	BBJ, FG, UKBB	TRUE	FALSE	3296	9:139110654:C:T	9:139113950:T:TA
SLC25A5	Height	1	1	BBJ, UKBB	TRUE	FALSE	3631	X:118603844:T:G	X:118600213:T:C
ST3GAL4	Height	1	1	BBJ	FALSE	FALSE	45818	11:126278203:T:C	11:126232385:C:T
STC2	Height	1	1	FG, UKBB	TRUE	FALSE	1511	5:172755066:C:A	5:172753555:T:G
TET2	Height	1	1	UKBB	FALSE	FALSE	44448	4:106156187:C:T	4:106200635:A:G
TSEN15	Height	2	2	BBJ, FG, UKBB	TRUE	TRUE	31940	1:184023529:A:C	1:184055469:A:G
ZBTB38	Height	1	2	FG, UKBB	TRUE	FALSE	40992	3:141162128:C:G	3:141121136:C:T
ZBTB7B	Height	1	1	FG, UKBB	TRUE	FALSE	3685	1:154987704:C:T	1:154991389:T:C
ZFAT	Height	2	1	BBJ, FG, UKBB	TRUE	TRUE	32330	8:135614310:G:T	8:135581980:A:G
ZNF462	Height	1	2	BBJ, FG	TRUE	FALSE	35228	9:109689752:C:T	9:109654524:C:T
ACO1	Ht	1	1	UKBB	FALSE	FALSE	31834	9:32418353:C:T	9:32450187:T:C
EGLN2	Ht	2	2	UKBB	FALSE	TRUE	1512	19:41306650:C:T	19:41305138:G:T
EPO	Ht	1	2	UKBB	FALSE	FALSE	5159	7:100319633:G:A	7:100314474:C:T
FCGRT	Ht	1	1	UKBB	FALSE	FALSE	17623	19:50017538:G:C	19:50035161:C:T
HNF4A	Ht	1	1	UKBB	FALSE	FALSE	7226	20:43042364:C:T	20:43035138:C:T
SLC9A3R2	Ht	1	1	UKBB	FALSE	FALSE	1364	16:2086421:C:T	16:2087785:T:C
TFR2	Ht	2	1	BBJ, UKBB	TRUE	TRUE	712	7:100225847:C:T	7:100225135:C:A
TMPRSS6	Ht	2	1	BBJ, UKBB	TRUE	TRUE	34344	22:37471208:G:A	22:37505552:C:T
IRF4	Hypothyroidism	1	1	FG	FALSE	FALSE	2423	6:394867:C:A	6:397290:T:C
GH1	IGF1	1	3	UKBB	FALSE	FALSE	1103	17:61995170:C:T	17:61996273:T:C
GHRHR	IGF1	1	1	UKBB	FALSE	FALSE	4650	7:31018852:T:C	7:31023502:G:A
HGFAC	IGF1	1	1	UKBB	FALSE	FALSE	5984	4:3449915:A:G	4:3443931:A:G
HNF1A	IGF1	1	1	UKBB	FALSE	FALSE	7710	12:121416864:C:T	12:121424574:G:A
IGFALS	IGF1	2	2	UKBB	FALSE	TRUE	1414	16:1841559:G:A	16:1842973:G:C
IGFBP3	IGF1	2	1	UKBB	FALSE	TRUE	34667	7:45954465:G:A	7:45919798:T:C
JAK2	IGF1	1	1	UKBB	FALSE	FALSE	23547	9:5126343:G:A	9:5149890:A:C
SSTR5	IGF1	2	1	UKBB	FALSE	TRUE	1807	16:1129586:C:T	16:1131393:A:G
ZNF12	IGF1	1	1	UKBB	FALSE	FALSE	10777	7:6731803:G:A	7:6742580:G:A
TERT	IPF	2	1	BBJ, FG	TRUE	TRUE	643	5:1279485:T:C	5:1280128:T:C
ABCA6	LDLC	1	1	UKBB	FALSE	FALSE	1684	17:67081278:A:G	17:67082962:C:G
ABCG5	LDLC	2	1	UKBB	FALSE	TRUE	4033	2:44065739:C:G	2:44069772:G:A
ABCG8	LDLC	2	1	BBJ, UKBB	TRUE	TRUE	29461	2:44099233:G:A	2:44069772:G:A
APOA5	LDLC	1	2	BBJ, UKBB	TRUE	FALSE	1736	11:116661392:C:A	11:116663128:C:T
APOB	LDLC	3	1	BBJ, UKBB	TRUE	TRUE	22658	2:21266774:GGCAGCGCCA:G	2:21289432:G:A
APOC4	LDLC	1	3	BBJ, UKBB	TRUE	FALSE	9302	19:45448465:T:G	19:45439163:C:G
APOE	LDLC	2	3	BBJ, UKBB	TRUE	TRUE	1154	19:45412079:C:T	19:45413233:G:T
DNAJC13	LDLC	1	1	UKBB	FALSE	FALSE	42712	3:132235344:A:T	3:132192632:A:G
LDLR	LDLC	3	7	BBJ, UKBB	TRUE	TRUE	319	19:11241988:C:T	19:11242307:G:C
LIPG	LDLC	1	1	UKBB	FALSE	FALSE	48231	18:47109955:A:G	18:47158186:T:C
NPC1L1	LDLC	2	1	BBJ, UKBB	TRUE	TRUE	2325	7:44579661:C:T	7:44581986:T:C
PCSK9	LDLC	3	1	BBJ, UKBB	TRUE	TRUE	6448	1:55505604:G:A	1:55499156:C:T
RGAG1	LDLC	1	1	UKBB	FALSE	FALSE	4421	X:109697443:T:C	X:109701864:C:A
LPA	LipoA	1	4	UKBB	FALSE	FALSE	11284	6:160998199:G:A	6:160986915:A:C
CCDC96	LOY	1	1	BBJ, UKBB	TRUE	FALSE	690	4:7044380:C:T	4:7045070:T:TGCGGCG
PMF1	LOY	1	1	BBJ, UKBB	TRUE	FALSE	2480	1:156202173:A:G	1:156204653:C:T
TP53	LOY	1	1	BBJ, UKBB	TRUE	FALSE	7953	17:7579705:C:T	17:7571752:T:G
CCDC69	Lym	1	1	UKBB	FALSE	FALSE	35770	5:150567017:A:G	5:150531247:T:C
FUT7	Lym	1	1	UKBB	FALSE	FALSE	1346	9:139925983:G:A	9:139924637:T:C
RAP1GAP2	Lym	1	1	UKBB	FALSE	FALSE	17769	17:2883588:C:A	17:2865819:C:G
S1PR1	Lym	1	4	BBJ, UKBB	TRUE	FALSE	2218	1:101704577:C:G	1:101702359:T:C
ALAS2	MCH	1	1	UKBB	FALSE	FALSE	4228	X:55039960:G:A	X:55044188:C:G
APOE	MCH	1	1	UKBB	FALSE	FALSE	29362	19:45412079:C:T	19:45382717:G:A
CCND3	MCH	1	3	BBJ, UKBB	TRUE	FALSE	15012	6:41903798:C:A	6:41918810:A:G
E2F2	MCH	1	1	UKBB	FALSE	FALSE	6914	1:23847529:C:T	1:23840615:TA:T
FAM46C	MCH	1	1	UKBB	FALSE	FALSE	10828	1:118165603:G:A	1:118154775:G:A
KLF1	MCH	1	3	BBJ, UKBB	TRUE	FALSE	4050	19:12996500:A:G	19:13000550:G:C
MYBL2	MCH	1	1	UKBB	FALSE	FALSE	39609	20:42331457:A:G	20:42291848:G:C
PDIA2	MCH	1	1	UKBB	FALSE	FALSE	32095	16:336898:G:A	16:304803:A:T
RAB3IL1	MCH	1	1	BBJ, UKBB	TRUE	FALSE	1210	11:61669946:G:A	11:61671156:C:T
RPS6KB2	MCH	1	1	UKBB	FALSE	FALSE	16087	11:67200812:C:T	11:67184725:G:A
SCAF1	MCH	1	1	UKBB	FALSE	FALSE	19175	19:50161091:A:G	19:50180266:C:G
TFR2	MCH	4	2	BBJ, UKBB	TRUE	TRUE	5139	7:100231063:T:C	7:100236202:G:A
TMPRSS6	MCH	3	3	BBJ, UKBB	TRUE	TRUE	514	22:37462936:A:G	22:37463450:C:T
ANK1	MCHC	2	1	UKBB	FALSE	TRUE	14059	8:41575677:G:A	8:41589736:T:G
CTU2	MCHC	1	1	UKBB	FALSE	FALSE	7843	16:88781091:G:C	16:88788934:A:G
GMPR	MCHC	2	1	BBJ, UKBB	TRUE	TRUE	24785	6:16286061:C:A	6:16261276:G:A
KCNN4	MCHC	1	1	BBJ, UKBB	TRUE	FALSE	2	19:44278779:T:G	19:44278781:G:A
PIEZO1	MCHC	2	1	BBJ, UKBB	TRUE	TRUE	2507	16:88791441:G:A	16:88788934:A:G
SLC14A1	MCHC	1	1	BBJ	FALSE	FALSE	7326	18:43310415:G:A	18:43303089:A:G
TFR2	MCHC	2	2	BBJ, UKBB	TRUE	TRUE	5139	7:100231063:T:C	7:100236202:G:A
TMPRSS6	MCHC	1	1	BBJ, UKBB	TRUE	FALSE	42616	22:37462936:A:G	22:37505552:C:T
ALAS2	MCV	1	4	UKBB	FALSE	FALSE	1645	X:55039960:G:A	X:55041605:G:A
ANK1	MCV	1	1	UKBB	FALSE	FALSE	29866	8:41543675:G:A	8:41513809:T:C
CCND3	MCV	1	5	BBJ, UKBB	TRUE	FALSE	14575	6:41903798:C:A	6:41889223:G:A
E2F2	MCV	1	1	UKBB	FALSE	FALSE	6914	1:23847529:C:T	1:23840615:TA:T
FAM46C	MCV	1	1	UKBB	FALSE	FALSE	17711	1:118165603:G:A	1:118147892:T:C
KLF1	MCV	1	3	BBJ, UKBB	TRUE	FALSE	2958	19:12996500:A:G	19:12999458:C:T
MYBL2	MCV	1	1	UKBB	FALSE	FALSE	39609	20:42331457:A:G	20:42291848:G:C
NKX2-3	MCV	1	2	UKBB	FALSE	FALSE	5637	10:101295456:T:G	10:101301093:C:A
PDIA2	MCV	1	1	UKBB	FALSE	FALSE	32095	16:336898:G:A	16:304803:A:T
TAL1	MCV	1	1	UKBB	FALSE	FALSE	9842	1:47691568:GCAGA:G	1:47681726:A:G
TFR2	MCV	3	1	BBJ, UKBB	TRUE	TRUE	6005	7:100218631:C:T	7:100224636:C:CTG
TMC6	MCV	1	3	BBJ, UKBB	TRUE	FALSE	3492	17:76121318:G:A	17:76124810:A:AG
TMC8	MCV	1	4	BBJ, UKBB	TRUE	FALSE	7036	17:76134467:C:T	17:76127431:G:C
TMPRSS6	MCV	3	1	BBJ, UKBB	TRUE	TRUE	38636	22:37471208:G:A	22:37509844:T:C
ACKR2	Mono	1	1	BBJ, UKBB	TRUE	FALSE	2934	3:42906116:T:C	3:42909050:T:C
BCL2A1	Mono	2	1	UKBB	FALSE	TRUE	38400	15:80263217:C:T	15:80224817:C:T
BZRAP1	Mono	1	1	UKBB	FALSE	FALSE	23434	17:56386607:G:GTCCTCCTCT	17:56410041:A:G
CX3CR1	Mono	1	1	UKBB	FALSE	FALSE	36975	3:39307162:G:A	3:39270187:A:AT
FCGR3B	Mono	1	1	UKBB	FALSE	FALSE	1216	1:161599779:G:C	1:161600995:C:T
FLT3	Mono	1	1	UKBB	FALSE	FALSE	22709	13:28626716:C:T	13:28604007:T:C
IL17RA	Mono	3	3	BBJ, UKBB	TRUE	TRUE	6640	22:17586757:T:C	22:17580117:GT:G
P2RY2	Mono	1	1	UKBB	FALSE	FALSE	1655	11:72946279:T:C	11:72947934:G:A
S1PR4	Mono	2	2	BBJ, UKBB	TRUE	TRUE	9844	19:3179517:C:T	19:3169673:TTTTTTTTTTTTTG:T
ST20	Mono	2	1	UKBB	FALSE	TRUE	33479	15:80191338:A:G	15:80224817:C:T
TSPAN32	Mono	1	1	UKBB	FALSE	FALSE	1287	11:2325427:T:C	11:2326714:A:G
CPS1	NAP	1	1	BBJ, UKBB	TRUE	FALSE	9349	2:211540507:C:A	2:211549856:G:A
CTD-3148I10.15	NAP	1	3	BBJ, UKBB	TRUE	FALSE	4203	19:49979398:G:A	19:49975195:C:T
CXCR5	NAP	1	2	BBJ, UKBB	TRUE	FALSE	10930	11:118765283:G:A	11:118754353:C:A
FCGRT	NAP	1	4	BBJ, UKBB	TRUE	FALSE	779	19:50017538:G:C	19:50016759:C:T
TNFRSF13B	NAP	5	3	BBJ, UKBB	TRUE	TRUE	3355	17:16842991:G:A	17:16839636:C:T
TNFRSF17	NAP	2	1	BBJ, UKBB	TRUE	TRUE	9607	16:12061606:G:A	16:12071213:C:T
TNFSF12	NAP	1	3	BBJ, UKBB	TRUE	FALSE	38	17:7462969:A:G	17:7462931:C:A
TNFSF13	NAP	1	3	BBJ, UKBB	TRUE	FALSE	218	17:7462468:G:T	17:7462250:G:A
ZBTB38	NAP	1	1	BBJ, UKBB	TRUE	FALSE	44615	3:141162185:T:G	3:141206800:C:T
CSF3	Neutro	1	4	BBJ, UKBB	TRUE	FALSE	817	17:38172820:T:C	17:38173637:C:T
CSF3R	Neutro	1	4	BBJ, UKBB	TRUE	FALSE	10157	1:36933759:C:T	1:36943916:C:G
CXCR2	Neutro	2	2	BBJ, UKBB	TRUE	TRUE	20976	2:218999982:G:A	2:219020958:C:T
DARC	Neutro	2	2	UKBB	FALSE	TRUE	671	1:159175354:G:A	1:159174683:T:C
IFITM2	Neutro	1	1	UKBB	FALSE	FALSE	1523	11:308314:T:C	11:306791:T:C
ABCC6	P	1	1	UKBB	FALSE	FALSE	32314	16:16259596:G:A	16:16227282:A:G
ALPL	P	3	2	UKBB	FALSE	TRUE	21981	1:21900151:T:C	1:21922132:T:C
ANKH	P	1	2	UKBB	FALSE	FALSE	12340	5:14751305:C:T	5:14738965:A:G
ENPP1	P	2	1	BBJ, UKBB	TRUE	TRUE	37652	6:132181533:T:C	6:132143881:G:A
GALNT5	P	1	1	UKBB	FALSE	FALSE	39338	2:158152917:T:C	2:158113579:C:T
SPP2	P	1	1	UKBB	FALSE	FALSE	41053	2:234959642:C:T	2:234918589:C:T
ABCC4	Plt	1	2	BBJ, UKBB	TRUE	FALSE	362	13:95899354:A:G	13:95899716:C:A
ALDH2	Plt	1	1	BBJ, UKBB	TRUE	FALSE	6995	12:112241766:G:A	12:112248761:A:G
APOA5	Plt	1	1	BBJ, UKBB	TRUE	FALSE	12475	11:116661392:C:A	11:116648917:G:C
BIN2	Plt	1	1	BBJ, UKBB	TRUE	FALSE	6031	12:51693021:C:T	12:51686990:A:T
BTBD6	Plt	1	1	UKBB	FALSE	FALSE	41422	14:105715970:C:T	14:105757392:T:C
EIF4G1	Plt	1	7	BBJ, UKBB	TRUE	FALSE	43792	3:184046450:A:G	3:184090242:C:T
GCSAML	Plt	1	1	BBJ, UKBB	TRUE	FALSE	7466	1:247719769:G:A	1:247712303:T:C
GFI1B	Plt	1	2	UKBB	FALSE	FALSE	798	9:135863638:C:T	9:135864436:C:G
GP1BA	Plt	1	2	BBJ, UKBB	TRUE	FALSE	754	17:4836381:C:T	17:4835627:C:T
GSTM1	Plt	1	1	BBJ, UKBB	TRUE	FALSE	2845	1:110232983:A:G	1:110230138:G:A
HGFAC	Plt	1	2	BBJ, UKBB	TRUE	FALSE	1679	4:3449915:A:G	4:3451594:C:G
HTT	Plt	1	1	UKBB	FALSE	FALSE	40280	4:3180021:T:C	4:3220301:A:G
IQGAP2	Plt	3	1	BBJ, UKBB	TRUE	TRUE	8374	5:75964507:C:T	5:75972881:C:A
JAK2	Plt	2	1	UKBB	FALSE	TRUE	10904	9:5081828:G:C	9:5092732:G:A
LDLRAP1	Plt	1	1	UKBB	FALSE	FALSE	12140	1:25889632:T:C	1:25877492:C:T
LY75	Plt	1	1	BBJ	FALSE	TRUE	44486	2:160706544:A:G	2:160662058:T:C
PEAR1	Plt	1	2	BBJ, UKBB	TRUE	FALSE	8759	1:156878473:C:T	1:156869714:G:A
PTPRH	Plt	1	1	BBJ, UKBB	TRUE	FALSE	453	19:55697712:G:A	19:55698165:A:C
SH2B3	Plt	3	2	BBJ, UKBB	TRUE	TRUE	40390	12:111884608:T:C	12:111844218:G:A
SLFN14	Plt	2	3	BBJ, UKBB	TRUE	TRUE	1490	17:33875262:T:A	17:33873772:A:G
TRIM5	Plt	1	2	BBJ, UKBB	TRUE	FALSE	335	11:5701074:C:A	11:5701409:G:C
TRIM58	Plt	2	2	BBJ, UKBB	TRUE	TRUE	1648	1:248039294:G:A	1:248037646:C:G
TUBB1	Plt	3	1	BBJ, UKBB	TRUE	TRUE	361	20:57597971:G:C	20:57598332:C:CAA
JAG1	PP	1	1	UKBB	FALSE	FALSE	36381	20:10622501:G:C	20:10658882:G:C
MYH6	PP	1	1	UKBB	FALSE	FALSE	43177	14:23861811:A:G	14:23904988:C:T
NOX4	PP	1	1	BBJ, UKBB	TRUE	FALSE	42032	11:89182686:T:C	11:89224718:G:T
NPPA	PP	1	1	UKBB	FALSE	FALSE	498	1:11907648:C:T	1:11908146:C:G
KLK3	PrC	1	1	BBJ, FG, UKBB	TRUE	FALSE	3709	19:51361757:T:C	19:51365466:A:G
STAT4	RA	1	1	BBJ, FG	TRUE	FALSE	17283	2:191937906:T:A	2:191955189:TATA:T
ACO1	RBC	1	1	UKBB	FALSE	FALSE	13578	9:32418353:C:T	9:32431931:A:G
EGLN2	RBC	1	4	BBJ, UKBB	TRUE	FALSE	1512	19:41306650:C:T	19:41305138:G:T
EPO	RBC	1	3	UKBB	FALSE	FALSE	5159	7:100319633:G:A	7:100314474:C:T
FCGRT	RBC	1	1	BBJ, UKBB	TRUE	FALSE	45942	19:50017538:G:C	19:49971596:C:T
GMPR	RBC	1	1	BBJ, UKBB	TRUE	FALSE	10083	6:16295347:A:AACTC	6:16285264:C:CA
KLF1	RBC	1	1	BBJ, UKBB	TRUE	FALSE	2958	19:12996500:A:G	19:12999458:C:T
LRRC29	RBC	1	1	UKBB	FALSE	FALSE	9062	16:67241930:C:T	16:67250992:C:T
PRIM1	RBC	1	1	BBJ, UKBB	TRUE	FALSE	5260	12:57146069:T:G	12:57151329:A:G
SLC9A3R2	RBC	1	1	UKBB	FALSE	FALSE	1364	16:2086421:C:T	16:2087785:T:C
TFR2	RBC	2	4	BBJ, UKBB	TRUE	TRUE	58	7:100225193:G:A	7:100225135:C:A
TMC6	RBC	2	1	BBJ, UKBB	TRUE	TRUE	2946	17:76121864:A:G	17:76124810:A:AG
TMC8	RBC	1	2	UKBB	FALSE	FALSE	9657	17:76134467:C:T	17:76124810:A:AG
ZFP36L2	RBC	1	2	BBJ, UKBB	TRUE	FALSE	30496	2:43451957:G:A	2:43421461:T:C
ARG1	sCr	1	2	UKBB	FALSE	FALSE	9161	6:131897807:G:A	6:131888646:CCAA:C
COL18A1	sCr	1	1	UKBB	FALSE	FALSE	9007	21:46931109:G:A	21:46922102:G:A
RBM47	sCr	1	1	UKBB	FALSE	FALSE	7654	4:40428091:C:T	4:40420437:C:T
SLC22A2	sCr	1	1	BBJ	FALSE	FALSE	2576	6:160671657:G:A	6:160669081:A:G
SLC34A1	sCr	1	1	BBJ, UKBB	TRUE	FALSE	172	5:176813232:GGTCCCCAAGCTGCGCCAGGCT:G	5:176813404:C:T
SLC47A1	sCr	4	1	BBJ, UKBB	TRUE	TRUE	1041	17:19437280:G:T	17:19438321:T:C
SLC6A19	sCr	1	1	UKBB	FALSE	FALSE	18526	5:1212453:G:A	5:1193927:G:C
ZC3HC1	sCr	1	1	BBJ, UKBB	TRUE	FALSE	11016	7:129663496:C:T	7:129674512:A:AT
FOXA3	SHBG	1	1	UKBB	FALSE	FALSE	9126	19:46376312:C:T	19:46385438:A:C
HLX	SHBG	1	1	UKBB	FALSE	FALSE	24880	1:221057646:C:T	1:221082526:C:T
SENP3	SHBG	1	1	UKBB	FALSE	FALSE	23054	17:7468277:C:T	17:7491331:C:T
SERPINA5	SHBG	1	1	UKBB	FALSE	FALSE	4497	14:95053863:C:T	14:95058360:A:G
SHBG	SHBG	1	5	UKBB	FALSE	FALSE	3066	17:7536527:G:A	17:7533461:T:C
TMEM176B	SHBG	1	1	UKBB	FALSE	FALSE	8007	7:150490238:G:A	7:150498245:T:C
TRIM5	SHBG	1	1	UKBB	FALSE	FALSE	9883	11:5701074:C:A	11:5691191:C:T
SLC45A2	SkC	1	1	FG, UKBB	TRUE	FALSE	12517	5:33951693:C:G	5:33964210:T:G
APOB	Statin	1	1	FG	FALSE	FALSE	27412	2:21263900:G:A	2:21291312:T:C
APOE	Statin	2	2	FG	FALSE	TRUE	18201	19:45412079:C:T	19:45430280:C:G
PCSK9	Statin	1	2	FG	FALSE	FALSE	13945	1:55505647:G:T	1:55491702:T:C
CAMK2B	T2D	1	1	BBJ, FG	TRUE	FALSE	10541	7:44266184:C:T	7:44255643:G:A
HNF4A	T2D	1	1	BBJ, FG	TRUE	FALSE	46764	20:43042364:C:T	20:42995600:G:A
RREB1	T2D	1	1	BBJ, FG, UKBB	TRUE	FALSE	343	6:7231843:G:A	6:7232186:T:C
ANK1	TBil	2	2	UKBB	FALSE	TRUE	14059	8:41575677:G:A	8:41589736:T:G
APOE	TBil	1	1	UKBB	FALSE	FALSE	18339	19:45411941:T:C	19:45430280:C:G
LST3	TBil	2	2	BBJ, UKBB	TRUE	TRUE	2613	12:21011481:C:A	12:21014094:A:G
SLCO1B1	TBil	1	2	BBJ, UKBB	TRUE	FALSE	12764	12:21331549:T:C	12:21344313:GA:G
ABCA1	TC	3	3	BBJ, UKBB	TRUE	TRUE	4179	9:107593923:C:G	9:107589744:C:T
ABCA6	TC	1	1	UKBB	FALSE	FALSE	1684	17:67081278:A:G	17:67082962:C:G
APOB	TC	3	2	BBJ, UKBB	TRUE	TRUE	22658	2:21266774:GGCAGCGCCA:G	2:21289432:G:A
APOE	TC	2	3	BBJ, UKBB	TRUE	TRUE	16380	19:45412079:C:T	19:45428459:C:T
CETP	TC	2	3	BBJ, UKBB	TRUE	TRUE	8704	16:57016150:G:A	16:57007446:T:G
LDLR	TC	2	5	BBJ, UKBB	TRUE	TRUE	319	19:11241988:C:T	19:11242307:G:C
LIPC	TC	1	4	BBJ, UKBB	TRUE	FALSE	647	15:58723028:G:A	15:58723675:C:T
LIPG	TC	2	4	BBJ, UKBB	TRUE	TRUE	5233	18:47113165:C:T	18:47118398:T:C
NPC1L1	TC	1	1	BBJ, UKBB	TRUE	FALSE	2325	7:44579661:C:T	7:44581986:T:C
PCSK9	TC	3	2	BBJ, UKBB	TRUE	TRUE	6806	1:55505604:G:A	1:55498798:C:T
TIMD4	TC	1	1	BBJ, UKBB	TRUE	FALSE	17400	5:156381639:C:T	5:156399039:C:T
ANGPTL4	TG	1	1	UKBB	FALSE	FALSE	12879	19:8429323:G:A	19:8442202:C:A
APOA5	TG	1	1	BBJ, UKBB	TRUE	FALSE	1734	11:116661394:G:C	11:116663128:C:T
APOB	TG	2	1	BBJ, UKBB	TRUE	TRUE	10022	2:21228827:C:T	2:21218805:C:T
APOC3	TG	1	1	UKBB	FALSE	FALSE	38432	11:116701560:G:A	11:116663128:C:T
APOE	TG	1	2	BBJ, UKBB	TRUE	FALSE	10482	19:45412079:C:T	19:45422561:T:G
AXL	TG	1	1	UKBB	FALSE	FALSE	11739	19:41754430:G:A	19:41742691:GA:G
C19orf80	TG	2	1	BBJ, UKBB	TRUE	TRUE	7703	19:11350488:C:T	19:11342785:A:AG
CETP	TG	1	3	BBJ, UKBB	TRUE	FALSE	8501	16:57015091:G:C	16:57006590:C:T
LPL	TG	3	2	UKBB	FALSE	TRUE	3468	8:19819724:C:G	8:19823192:T:C
MARC1	TG	1	1	UKBB	FALSE	FALSE	31114	1:220970028:A:G	1:221001142:A:C
FCGRT	TP	2	5	BBJ, UKBB	TRUE	TRUE	434	19:50027872:G:A	19:50028306:CCTGCTG:C
MRC1L1	TP	1	1	UKBB	FALSE	FALSE	26041	10:17891705:A:G	10:17865664:G:A
SH2B3	TP	1	1	UKBB	FALSE	FALSE	39652	12:111884608:T:C	12:111844956:C:T
TBC1D2B	TP	1	1	UKBB	FALSE	FALSE	1750	15:78310306:GA:G	15:78312056:CCT:C
TNFRSF13B	TP	2	2	BBJ, UKBB	TRUE	TRUE	40654	17:16852187:A:G	17:16892841:T:C
TNFRSF17	TP	1	1	UKBB	FALSE	FALSE	19705	16:12060097:G:A	16:12079802:G:A
TNFSF12	TP	1	5	BBJ, UKBB	TRUE	FALSE	38	17:7462969:A:G	17:7462931:C:A
ZBTB38	TP	1	1	BBJ, UKBB	TRUE	FALSE	44672	3:141162128:C:G	3:141206800:C:T
ABCG2	UA	5	3	BBJ, UKBB	TRUE	TRUE	6862	4:89052957:G:A	4:89059819:C:T
HNF4A	UA	1	1	UKBB	FALSE	FALSE	15456	20:43042364:C:T	20:43057820:C:A
MTX1	UA	1	1	BBJ, UKBB	TRUE	FALSE	9427	1:155178782:A:T	1:155169355:G:T
SLC22A12	UA	5	3	BBJ, UKBB	TRUE	TRUE	82	11:64361124:G:A	11:64361042:G:A
TMEM171	UA	2	2	UKBB	FALSE	TRUE	11865	5:72419617:C:A	5:72431482:G:C
RBM47	Urea	1	2	UKBB	FALSE	FALSE	6601	4:40428091:C:T	4:40421490:TC:T
ALPL	Urolithiasis	1	2	FG, UKBB	TRUE	FALSE	2712	1:21890632:G:A	1:21893344:C:A
RGS14	Urolithiasis	1	1	FG, UKBB	TRUE	FALSE	1952	5:176798040:T:G	5:176799992:T:C
APOE	VitD	1	1	UKBB	FALSE	FALSE	18201	19:45412079:C:T	19:45430280:C:G
FLG	VitD	2	1	UKBB	FALSE	TRUE	15715	1:152285861:G:A	1:152301576:G:A
HAL	VitD	2	1	UKBB	FALSE	TRUE	7040	12:96371731:C:T	12:96378771:C:T
KLK11	VitD	1	1	UKBB	FALSE	FALSE	10172	19:51527970:C:T	19:51517798:G:A
ACKR2	WBC	1	1	BBJ, UKBB	TRUE	FALSE	12122	3:42906116:T:C	3:42918238:T:C
C10orf54	WBC	1	1	BBJ, UKBB	TRUE	FALSE	11841	10:73520632:A:C	10:73508791:T:C
CSF3	WBC	1	3	UKBB	FALSE	FALSE	817	17:38172820:T:C	17:38173637:C:T
CXCR2	WBC	2	2	BBJ, UKBB	TRUE	TRUE	20976	2:218999982:G:A	2:219020958:C:T
DARC	WBC	3	2	UKBB	FALSE	TRUE	671	1:159175354:G:A	1:159174683:T:C
LY75	WBC	1	1	UKBB	FALSE	TRUE	18700	2:160676427:C:A	2:160657727:C:CT
TRIM58	WBC	1	1	BBJ, UKBB	TRUE	FALSE	1241	1:248039451:C:T	1:248038210:G:A
ACVR1C	WHRadjBMI	2	1	UKBB	FALSE	TRUE	21868	2:158412701:T:G	2:158434569:C:T
CYTL1	WHRadjBMI	1	1	UKBB	FALSE	FALSE	26585	4:5016883:G:A	4:4990298:A:G
PLXND1	WHRadjBMI	1	3	UKBB	FALSE	FALSE	2974	3:129289978:G:A	3:129287004:A:G
