variant	rsid	trait	cohorts	gene_most_severe	most_severe	consequence	max_pip	clinvar	max_pip_coloc	tissue_max_pip_coloc	Ancient_Sequence_Age_Human_Enhancer	Ancient_Sequence_Age_Human_Promoter	BivFlnk	CTCF_Hoffman	Coding_UCSC	Conserved_LindbladToh	Conserved_Mammal_phastCons46way	Conserved_Primate_phastCons46way	Conserved_Vertebrate_phastCons46way	DGF_ENCODE	DHS_Trynka	DHS_peaks_Trynka	Enhancer_Andersson	Enhancer_Hoffman	FetalDHS_Trynka	H3K27ac_Hnisz	H3K27ac_PGC2	H3K4me1_Trynka	H3K4me1_peaks_Trynka	H3K4me3_Trynka	H3K4me3_peaks_Trynka	H3K9ac_Trynka	H3K9ac_peaks_Trynka	Human_Enhancer_Villar	Human_Promoter_Villar	Human_Promoter_Villar_ExAC	Intron_UCSC	PromoterFlanking_Hoffman	Promoter_UCSC	Repressed_Hoffman	SuperEnhancer_Hnisz	TFBS_ENCODE	TSS_Hoffman	Transcribed_Hoffman	UTR_3_UCSC	UTR_5_UCSC	Vahedi_Tcell_SE	Vahedi_Tcell_TE	WeakEnhancer_Hoffman	ASMC	Backgrd_Selection_Stat	BLUEPRINT_FE_META_TISSUE_DNAMETH_MaxCPP	BLUEPRINT_FE_META_TISSUE_H3K27ac_MaxCPP	BLUEPRINT_FE_META_TISSUE_H3K4me1_MaxCPP	GTEx_FE_META_TISSUE_GE_MaxCPP	Human_Enhancer_Villar_Species_Enhancer_Count	alleleage	DHSmerged_Ulirsch	Roadmap_H3K27ac_Ulirsch	CA_H3K27ac_Ulirsch
1:10825577:C:T	rs11121615	Varicose_Veins	FG, UKBB	CASZ1	Intron	CRE	0.99981	NA	NA	NA	0	0	0	0	0	1	0	0	0	1	1	1	0	0	0	1	1	1	1	1	1	1	0	0	0	0	1	0	0	1	1	0	0	0	0	0	0	0	0	11238	0.081	NA	NA	NA	NA	NA	16249	1	1	0
1:16505320:A:G	rs1497406	GGT	BBJ, UKBB	NA	Intergenic	CRE	0.99997	NA	0.48895	Liver	0	0	0	0	0	0	0	0	0	1	1	1	0	1	1	1	1	1	1	1	1	1	1	1	0	0	0	0	0	0	1	1	1	0	0	0	0	0	0	16988	0.303	0.038217	0.37773	0.025991	NA	7	3804.8	1	1	1
1:21820042:A:G	rs12132412	P	BBJ, UKBB	NA	Intergenic	Non-genic	1	NA	NA	NA	0	0	0	0	0	1	0	0	0	1	1	1	0	0	0	0	0	1	0	0	0	0	0	0	0	0	0	0	0	1	0	0	0	0	0	0	0	0	0	13713	0.139	0.57897	NA	NA	NA	NA	11060	1	0	0
1:78450517:C:A	rs34517439	BW	FG, UKBB	NA	Regulatory region	CRE	0.96674	NA	0.96637	monocyte	0	0	0	0	0	0	1	0	1	0	1	1	0	0	0	1	1	1	1	0	0	1	0	0	0	0	0	0	0	0	1	0	0	1	0	0	0	0	0	5291.9	0.75	0.99434	NA	NA	1	NA	514.45	1	1	0
1:78450517:C:A	rs34517439	Height	FG, UKBB	NA	Regulatory region	CRE	0.99977	NA	0.99939	monocyte	0	0	0	0	0	0	1	0	1	0	1	1	0	0	0	1	1	1	1	0	0	1	0	0	0	0	0	0	0	0	1	0	0	1	0	0	0	0	0	5291.9	0.75	0.99434	NA	NA	1	NA	514.45	1	1	0
1:109817590:G:T	rs12740374	LDLC	BBJ, UKBB	CELSR2	3 prime UTR	UTR3	0.99745	NA	0.99745	Liver	1	0	0	0	1	0	0	0	0	1	1	1	0	0	1	1	1	1	1	1	1	1	1	1	0	0	0	0	0	0	1	1	1	0	1	0	0	0	1	18148	0.355	0.11688	0.19265	0.94836	1	NA	43208	1	1	1
1:110470764:G:A	rs333947	AST	BBJ, UKBB	CSF1	Intron	CRE	1	NA	1	Artery_Tibial	1	0	0	0	0	1	1	1	1	1	1	1	0	0	1	1	1	1	1	1	1	1	0	1	0	0	1	0	0	0	1	1	0	1	0	0	0	0	0	17443	0.281	0.99969	NA	NA	NA	5	6240.6	1	1	1
1:110470764:G:A	rs333947	TP	BBJ, UKBB	CSF1	Intron	CRE	0.99995	NA	0.99995	Artery_Tibial	1	0	0	0	0	1	1	1	1	1	1	1	0	0	1	1	1	1	1	1	1	1	0	1	0	0	1	0	0	0	1	1	0	1	0	0	0	0	0	17443	0.281	0.99969	NA	NA	NA	5	6240.6	1	1	1
1:120191044:A:T	rs12129705	Height	FG, UKBB	ZNF697	Upstream gene	Promoter	1	NA	1	Muscle_Skeletal	0	1	1	0	0	0	0	0	0	1	1	1	0	0	1	1	1	1	1	1	1	1	1	0	1	0	0	0	1	0	1	1	1	0	0	0	0	0	0	10913	0.186	NA	0.99981	0.049759	1	NA	560.38	1	1	1
1:199010721:C:T	rs1434282	MCH	BBJ, UKBB	RP11-16L9.4	Non coding transcript exon	CRE	0.98117	NA	NA	NA	0	0	0	0	0	1	1	1	1	0	1	1	0	0	1	1	1	1	0	1	1	0	0	0	0	0	0	0	0	0	1	1	0	0	0	0	0	1	1	10094	0.189	0.075409	0.16045	0.62881	NA	NA	11206	1	1	1
1:199010721:C:T	rs1434282	MCV	BBJ, UKBB	RP11-16L9.4	Non coding transcript exon	CRE	0.99969	NA	NA	NA	0	0	0	0	0	1	1	1	1	0	1	1	0	0	1	1	1	1	0	1	1	0	0	0	0	0	0	0	0	0	1	1	0	0	0	0	0	1	1	10094	0.189	0.075409	0.16045	0.62881	NA	NA	11206	1	1	1
1:199010721:C:T	rs1434282	RBC	BBJ, UKBB	RP11-16L9.4	Non coding transcript exon	CRE	0.98103	NA	NA	NA	0	0	0	0	0	1	1	1	1	0	1	1	0	0	1	1	1	1	0	1	1	0	0	0	0	0	0	0	0	0	1	1	0	0	0	0	0	1	1	10094	0.189	0.075409	0.16045	0.62881	NA	NA	11206	1	1	1
2:31477838:G:A	rs655029	Plt	BBJ, UKBB	EHD3	Intron	CRE	1	NA	0.16113	Skin_Sun_Exposed_Lower_leg	0	0	0	0	0	0	0	0	0	0	1	0	0	0	0	1	1	1	1	1	0	1	0	0	0	0	1	1	0	0	1	0	0	0	0	0	0	0	0	20234	0.144	NA	NA	NA	NA	NA	19383	1	1	1
2:33702203:C:T	rs13425999	AG	BBJ, UKBB	RASGRP3	Intron	Promoter	0.90764	NA	0.45212	LCL	0	1	0	0	0	0	0	0	0	0	1	0	0	0	0	1	1	1	1	1	0	1	0	0	1	0	1	0	1	0	1	1	1	0	0	0	0	0	0	23234	0.079	NA	0.99577	NA	NA	NA	5712	1	1	1
2:33702203:C:T	rs13425999	NAP	BBJ, UKBB	RASGRP3	Intron	Promoter	0.91426	NA	0.45542	LCL	0	1	0	0	0	0	0	0	0	0	1	0	0	0	0	1	1	1	1	1	0	1	0	0	1	0	1	0	1	0	1	1	1	0	0	0	0	0	0	23234	0.079	NA	0.99577	NA	NA	NA	5712	1	1	1
2:37960613:A:T	rs17511102	Height	FG, UKBB	NA	Regulatory region	CRE	1	NA	NA	NA	0	0	0	0	0	0	0	0	0	1	1	1	0	0	1	1	1	1	0	0	0	0	0	0	0	0	0	0	0	1	1	0	0	0	0	0	0	0	0	13258	0.061	NA	NA	NA	NA	NA	2725.7	1	1	0
2:37995422:A:T	rs7589518	Height	BBJ, FG, UKBB	NA	Intergenic	CRE	0.98517	NA	NA	NA	1	0	0	0	0	0	1	1	1	1	1	1	0	0	0	1	1	1	0	1	1	1	1	1	0	0	0	0	0	0	1	1	0	0	0	0	0	0	0	19915	0.059	1	1	0.95232	NA	NA	8908.8	1	1	1
2:69330284:G:A	rs4241349	Height	BBJ, FG, UKBB	ANTXR1	Intron	Promoter	1	NA	NA	NA	0	0	0	0	0	0	0	0	0	1	0	0	0	0	0	1	0	1	1	0	0	0	0	0	0	0	1	0	1	0	1	0	0	1	1	0	0	0	0	22612	0.152	NA	NA	NA	NA	NA	27436	0	0	0
2:105132332:A:G	rs6739701	Height	BBJ, FG, UKBB	LINC01102	Intron	Non-genic	0.98562	NA	NA	NA	0	0	0	0	0	1	0	0	1	0	0	0	0	0	0	0	0	0	0	0	0	0	0	0	0	0	0	0	0	1	0	0	0	0	0	0	0	0	0	6512.9	0.095	NA	NA	NA	NA	NA	12823	0	0	0
2:113967075:C:T	rs11123169	eGFR	BBJ, UKBB	NA	Regulatory region	CRE	0.94453	NA	NA	NA	0	0	0	0	0	1	1	1	1	1	1	1	0	0	1	1	1	1	0	0	0	1	0	0	0	0	0	0	0	0	1	1	0	0	0	0	0	0	0	18007	0.353	0.009095	0.11677	NA	NA	NA	33153	1	1	1
2:163110536:A:G	rs2111485	Hypothyroidism	FG, UKBB	NA	Intergenic	CRE	0.92558	NA	NA	NA	0	0	0	0	0	0	0	0	0	0	0	0	0	0	0	1	1	1	0	0	0	0	0	0	0	0	0	0	0	1	1	0	0	0	0	0	0	0	0	4061.2	0.688	0.51383	NA	NA	NA	NA	9786.8	1	1	0
2:174219135:G:A	rs920112	MCH	BBJ, UKBB	AC092573.2	Upstream gene	Promoter	0.99808	NA	NA	NA	0	0	1	0	0	0	0	0	0	1	1	1	0	0	1	1	1	1	1	1	1	1	1	0	0	0	0	0	1	0	0	1	1	0	0	0	0	0	0	15516	0.217	NA	NA	NA	NA	NA	812.09	1	1	1
2:174219135:G:A	rs920112	MCV	BBJ, UKBB	AC092573.2	Upstream gene	Promoter	0.99997	NA	NA	NA	0	0	1	0	0	0	0	0	0	1	1	1	0	0	1	1	1	1	1	1	1	1	1	0	0	0	0	0	1	0	0	1	1	0	0	0	0	0	0	15516	0.217	NA	NA	NA	NA	NA	812.09	1	1	1
2:176974104:G:T	rs863678	Hb	BBJ, UKBB	HOXD11	3 prime UTR	UTR3	1	NA	NA	NA	0	0	0	0	1	1	1	1	1	1	0	0	0	0	0	1	1	1	1	1	0	1	0	0	0	0	0	0	0	0	0	1	0	0	1	0	0	0	0	16757	0.439	0.99998	NA	NA	NA	NA	11181	1	1	0
2:176974104:G:T	rs863678	Ht	BBJ, UKBB	HOXD11	3 prime UTR	UTR3	1	NA	NA	NA	0	0	0	0	1	1	1	1	1	1	0	0	0	0	0	1	1	1	1	1	0	1	0	0	0	0	0	0	0	0	0	1	0	0	1	0	0	0	0	16757	0.439	0.99998	NA	NA	NA	NA	11181	1	1	0
2:176974104:G:T	rs863678	RBC	BBJ, UKBB	HOXD11	3 prime UTR	UTR3	1	NA	NA	NA	0	0	0	0	1	1	1	1	1	1	0	0	0	0	0	1	1	1	1	1	0	1	0	0	0	0	0	0	0	0	0	1	0	0	1	0	0	0	0	16757	0.439	0.99998	NA	NA	NA	NA	11181	1	1	0
2:227326633:A:T	rs116376456	Height	FG, UKBB	NA	Intergenic	Non-genic	0.99405	NA	NA	NA	0	0	0	0	0	0	0	0	0	1	1	1	0	0	0	0	0	1	0	0	0	0	0	0	0	0	0	0	0	1	0	0	0	0	0	0	0	0	0	14667	0.081	NA	NA	NA	NA	NA	NA	0	0	0
2:233520254:A:T	rs13395911	ALT	BBJ, UKBB	EFHD1	Intron	CRE	0.90346	NA	0.90323	Liver	0	0	0	0	0	0	0	0	0	1	1	1	0	0	1	1	1	1	0	0	0	1	1	1	0	0	1	0	0	0	1	1	0	0	0	0	0	0	0	21028	0.071	0.069628	NA	NA	NA	NA	1381	1	1	1
2:242698640:G:A	rs34290285	Asthma	BBJ, FG, UKBB	D2HGDH	Intron	CRE	0.99875	NA	0.93486	Skin_Sun_Exposed_Lower_leg	0	0	0	0	0	0	0	0	0	1	1	1	1	0	1	0	1	1	1	0	0	0	0	0	0	0	1	0	0	0	0	1	0	1	0	0	0	0	0	20106	0.018	NA	NA	NA	NA	NA	32147	1	1	0
3:4909440:T:C	rs2053500	GGT	BBJ, UKBB	AC018816.3	Intron	CRE	1	NA	NA	NA	0	0	1	0	0	0	0	0	0	1	1	1	0	1	1	1	1	1	1	1	0	1	0	1	0	0	0	0	0	0	1	1	1	0	0	0	1	0	0	7919.6	0.086	0.99545	NA	NA	NA	7	3247.4	1	1	1
3:9975386:C:G	rs2270894	BW	BBJ, FG, UKBB	CRELD1	Upstream gene	Promoter	0.97061	NA	0.97061	Breast_Mammary_Tissue, Colon_Transverse, Lung, Esophagus_Mucosa, Skin_Sun_Exposed_Lower_leg, Vagina, Adipose_Visceral_Omentum, Heart_Atrial_Appendage, Esophagus_Gastroesophageal_Junction, Cells_Cultured_fibroblasts, Adipose_Subcutaneous, Uterus, Artery_Aorta, Colon_Sigmoid, Nerve_Tibial, Ovary, Artery_Tibial, Esophagus_Muscularis, Skin_Not_Sun_Exposed_Suprapubic	0	1	0	0	0	1	1	0	1	1	1	1	0	0	1	1	1	1	0	1	0	1	0	0	1	0	0	0	1	0	0	1	1	0	0	0	0	0	0	8865.7	0.451	1	1	1	1	NA	1381	1	1	1
3:9975386:C:G	rs2270894	Height	BBJ, FG, UKBB	CRELD1	Upstream gene	Promoter	1	NA	1	Breast_Mammary_Tissue, Colon_Transverse, Lung, Esophagus_Mucosa, Skin_Sun_Exposed_Lower_leg, Vagina, Adipose_Visceral_Omentum, Heart_Atrial_Appendage, Esophagus_Gastroesophageal_Junction, Cells_Cultured_fibroblasts, Adipose_Subcutaneous, Uterus, Artery_Aorta, Colon_Sigmoid, Nerve_Tibial, Ovary, Artery_Tibial, Esophagus_Muscularis, Skin_Not_Sun_Exposed_Suprapubic	0	1	0	0	0	1	1	0	1	1	1	1	0	0	1	1	1	1	0	1	0	1	0	0	1	0	0	0	1	0	0	1	1	0	0	0	0	0	0	8865.7	0.451	1	1	1	1	NA	1381	1	1	1
3:15502681:G:T	rs7609897	Diverticulosis	FG, UKBB	COLQ	Intron	CRE	1	NA	NA	NA	0	0	0	0	0	0	0	1	0	0	1	0	0	0	1	1	1	1	1	1	0	0	0	0	0	0	1	0	0	0	0	1	0	0	0	0	0	1	0	22975	0.45	NA	1	NA	NA	NA	65147	1	1	0
3:56849749:T:C	rs1354034	Plt	BBJ, UKBB	ARHGEF3	Intron	CRE	1	NA	1	platelet	0	0	0	0	0	1	1	0	0	1	1	1	0	0	1	1	1	1	0	1	1	0	0	0	0	0	1	0	0	1	1	0	0	0	0	0	1	0	0	15052	0.185	NA	NA	NA	NA	NA	31310	1	1	0
3:71771215:T:TG	rs34778241	LOY	BBJ, UKBB	EIF4E3	Intron	CRE	1	NA	1	T-cell, monocyte_CD14, monocyte, monocyte_naive, Whole_Blood, T-cell_CD8, T-cell_CD4	0	0	0	0	0	0	0	0	0	1	1	1	1	0	1	1	1	1	0	1	1	0	0	0	0	0	1	0	0	1	0	0	0	0	0	0	0	0	0	NA	0.108	NA	NA	NA	NA	NA	NA	1	1	0
3:72397279:A:G	rs9809116	Height	BBJ, FG, UKBB	NA	Regulatory region	CRE	0.99041	NA	NA	NA	0	0	0	0	0	0	0	0	0	1	1	1	1	0	1	1	1	1	1	1	1	1	0	0	0	0	0	0	0	0	0	1	0	0	0	0	0	1	1	18327	0.1	1	1	1	NA	NA	14143	1	1	1
3:129293146:C:T	rs62267570	Height	FG, UKBB	PLXND1	Intron	Non-genic	0.9678	NA	NA	NA	0	0	0	0	0	0	0	0	0	1	0	0	0	0	0	1	0	1	0	0	0	0	0	0	0	0	1	0	0	0	1	0	0	1	0	0	0	0	0	14399	0.389	0.28635	NA	NA	NA	NA	297.6	1	0	0
3:184090242:C:T	rs78565404	Plt	BBJ, UKBB	THPO	3 prime UTR	UTR3	1	Non-pathogenic	NA	NA	0	0	0	0	1	0	0	0	0	0	0	0	0	0	0	1	1	1	0	0	0	1	0	0	0	0	0	0	1	0	0	1	0	1	1	0	0	0	0	15681	0.373	NA	NA	NA	NA	NA	1425.2	0	1	1
3:184090266:C:T	rs6141	Plt	BBJ, UKBB	THPO	3 prime UTR	UTR3	1	Non-pathogenic	0.73248	brain_naive	0	0	0	0	1	0	0	0	0	0	0	0	0	0	0	1	1	1	0	0	0	1	0	0	0	0	0	0	1	0	0	1	0	1	1	0	0	0	0	15814	0.373	NA	NA	NA	0.063006	NA	25616	0	1	1
4:3443931:A:G	rs13108218	GGT	BBJ, UKBB	HGFAC	Intron	Promoter	1	NA	NA	NA	0	1	0	0	0	0	0	0	0	0	0	0	0	0	0	1	1	1	1	1	0	1	0	0	1	0	1	0	1	0	0	0	1	0	0	0	0	0	0	19406	0.133	0.9999	NA	0.10475	NA	NA	20474	1	1	1
4:3443931:A:G	rs13108218	TG	BBJ, UKBB	HGFAC	Intron	Promoter	0.99277	NA	NA	NA	0	1	0	0	0	0	0	0	0	0	0	0	0	0	0	1	1	1	1	1	0	1	0	0	1	0	1	0	1	0	0	0	1	0	0	0	0	0	0	19406	0.133	0.9999	NA	0.10475	NA	NA	20474	1	1	1
4:26818080:G:C	rs28558138	Varicose_Veins	FG, UKBB	NA	Intergenic	Non-genic	1	NA	NA	NA	0	0	0	0	0	0	0	0	0	0	0	0	0	0	0	1	1	1	0	0	0	0	0	0	0	0	0	0	0	1	0	0	0	0	0	0	0	0	0	21121	0.085	NA	0.91936	NA	NA	NA	25671	0	1	1
4:55408999:T:C	rs218265	MCV	BBJ, UKBB	NA	Regulatory region	CRE	1	NA	NA	NA	0	0	0	0	0	1	0	0	0	0	1	1	0	1	1	1	1	1	1	1	0	1	0	0	0	0	0	0	0	0	0	1	0	0	0	0	0	0	0	11804	0.09	0.93031	NA	NA	NA	NA	27545	1	1	1
4:55408999:T:C	rs218265	RBC	BBJ, UKBB	NA	Regulatory region	CRE	1	NA	NA	NA	0	0	0	0	0	1	0	0	0	0	1	1	0	1	1	1	1	1	1	1	0	1	0	0	0	0	0	0	0	0	0	1	0	0	0	0	0	0	0	11804	0.09	0.93031	NA	NA	NA	NA	27545	1	1	1
5:1285974:C:A	rs7705526	Plt	BBJ, UKBB	TERT	Intron	Non-genic	0.99983	Non-pathogenic	NA	NA	0	0	0	0	0	0	0	0	0	0	0	0	0	0	0	0	0	0	0	0	0	0	0	0	0	0	1	0	0	0	0	0	0	1	0	0	0	0	0	14658	0.024	0.80564	NA	NA	NA	NA	23934	1	0	0
5:1287194:G:A	rs2853677	MCH	BBJ, UKBB	TERT	Intron	Non-genic	1	NA	NA	NA	0	0	0	0	0	0	0	0	0	0	0	0	0	0	0	0	0	0	0	0	0	0	0	0	0	0	1	0	0	0	0	0	0	0	0	0	0	0	0	18538	0.024	1	NA	NA	NA	NA	22554	0	0	0
5:32711633:C:A	rs9716700	Height	FG, UKBB	NPR3	5 prime UTR	UTR5	1	NA	NA	NA	0	1	1	0	1	1	1	0	1	0	0	0	0	0	0	1	1	1	1	1	0	1	1	0	1	0	1	0	1	0	1	1	0	0	0	1	0	0	0	13379	0.154	NA	NA	NA	NA	NA	229.22	1	1	1
5:52193125:A:G	rs4074793	GGT	BBJ, UKBB	ITGA1	Intron	CRE	1	NA	0.99931	Esophagus_Gastroesophageal_Junction	0	0	0	0	0	0	0	0	0	0	0	0	0	0	0	1	1	1	1	1	1	0	0	0	0	0	1	0	0	0	0	0	0	1	0	0	0	0	0	15186	0.249	NA	NA	NA	NA	NA	1191.5	1	1	1
5:110401872:T:C	rs1837253	Asthma	BBJ, FG, UKBB	NA	Intergenic	Non-genic	1	NA	0.99861	Testis	0	0	0	0	0	0	0	0	0	1	1	1	0	0	0	0	0	1	0	0	0	0	0	0	0	0	0	0	0	0	0	1	0	0	0	0	0	0	0	15950	0.131	NA	NA	NA	NA	NA	33239	1	0	0
5:111061847:T:G	rs56116444	LOY	BBJ, UKBB	STARD4-AS1	Downstream gene	Non-genic	0.90419	NA	NA	NA	0	0	0	0	0	0	0	0	0	0	0	0	0	0	0	1	0	1	0	0	0	0	0	0	0	0	1	0	0	0	0	0	0	1	0	0	0	0	0	12716	0.187	0.28337	0.13864	0.14378	NA	NA	36031	0	0	0
5:170864021:G:T	rs4073717	BW	BBJ, FG, UKBB	FGF18	Intron	CRE	0.93941	NA	NA	NA	0	0	0	0	0	0	0	0	0	0	1	1	0	0	1	1	1	1	1	0	0	1	0	0	0	0	1	0	0	0	1	1	0	0	0	0	0	0	0	14720	0.1	NA	NA	NA	NA	NA	4733.2	1	1	1
5:171284642:G:GC	rs11424823	Height	BBJ, FG, UKBB	FBXW11	Downstream gene	CRE	1	NA	NA	NA	0	0	0	0	0	1	1	1	1	1	1	1	0	0	1	1	0	1	0	0	0	1	1	0	0	0	0	0	0	0	0	0	0	1	0	0	0	0	0	NA	0.106	NA	NA	NA	NA	NA	NA	1	0	1
5:176509193:C:T	rs244711	Height	BBJ, FG, UKBB	FGFR4	Upstream gene	Non-genic	1	NA	NA	NA	0	0	0	0	0	0	0	0	0	0	0	0	0	0	0	1	0	1	1	0	0	1	1	0	0	0	0	0	0	0	0	0	0	1	0	0	0	0	0	13420	0.316	NA	0.061368	NA	NA	NA	3171.5	1	0	0
5:176799992:T:C	rs10051765	Urolithiasis	BBJ, FG, UKBB	RGS14	Downstream gene	CRE	0.97826	NA	0.97826	Cells_Cultured_fibroblasts, Testis	0	0	0	0	0	0	0	0	0	0	0	0	0	0	0	1	1	1	1	1	0	0	0	0	1	0	0	0	0	0	1	0	0	1	0	0	1	0	0	13046	0.428	1	NA	0.28072	0.46194	NA	14465	1	1	0
6:12903957:A:G	rs9349379	CAD	BBJ, FG, UKBB	PHACTR1	Intron	CRE	1	NA	1	Artery_Tibial	0	0	0	0	0	0	0	0	0	0	0	0	0	0	0	1	1	1	0	0	0	0	0	0	0	0	1	0	0	1	0	0	0	0	0	0	0	0	0	11296	0.032	0.98719	NA	0.9996	NA	NA	812.07	1	1	0
6:12903957:A:G	rs9349379	MI	BBJ, FG, UKBB	PHACTR1	Intron	CRE	1	NA	1	Artery_Tibial	0	0	0	0	0	0	0	0	0	0	0	0	0	0	0	1	1	1	0	0	0	0	0	0	0	0	1	0	0	1	0	0	0	0	0	0	0	0	0	11296	0.032	0.98719	NA	0.9996	NA	NA	812.07	1	1	0
6:12903957:A:G	rs9349379	Migraine	FG, UKBB	PHACTR1	Intron	CRE	1	NA	1	Artery_Tibial	0	0	0	0	0	0	0	0	0	0	0	0	0	0	0	1	1	1	0	0	0	0	0	0	0	0	1	0	0	1	0	0	0	0	0	0	0	0	0	11296	0.032	0.98719	NA	0.9996	NA	NA	812.07	1	1	0
6:44030011:A:G	rs833805	Hb	BBJ, UKBB	RP5-1120P11.1	Intron	CRE	1	NA	NA	NA	1	0	0	0	0	1	0	0	0	1	1	1	0	0	1	1	1	1	1	1	1	1	0	1	0	0	0	0	0	0	1	1	0	0	0	0	0	0	0	13630	0.085	0.97948	NA	NA	NA	4	2765.9	1	1	1
6:44030011:A:G	rs833805	Ht	BBJ, UKBB	RP5-1120P11.1	Intron	CRE	1	NA	NA	NA	1	0	0	0	0	1	0	0	0	1	1	1	0	0	1	1	1	1	1	1	1	1	0	1	0	0	0	0	0	0	1	1	0	0	0	0	0	0	0	13630	0.085	0.97948	NA	NA	NA	4	2765.9	1	1	1
6:76164589:C:A	rs12209223	Height	BBJ, FG, UKBB	FILIP1	Intron	CRE	0.99286	NA	NA	NA	0	0	0	0	0	0	0	0	0	1	1	1	0	0	0	1	1	1	0	0	0	0	0	0	0	0	1	0	0	0	1	1	0	0	0	0	0	0	0	19629	0.47	0.18267	NA	NA	NA	NA	19389	1	1	0
6:137082948:A:G	rs6924387	NAP	BBJ, UKBB	MAP3K5	Intron	CRE	0.94752	NA	0.94286	Th2_memory	0	0	0	0	0	0	0	0	0	1	1	1	1	1	1	1	1	1	1	1	1	1	1	1	0	0	1	0	0	0	1	1	1	0	0	0	0	0	0	14607	0.193	NA	NA	NA	0.75019	6	40697	1	1	1
6:139629102:GTAGTATTGACACCTGGGTTCTTCTGCATGCGAGATTTCAGAACCCAGGAA:G	rs531519874	AG	BBJ, UKBB	NA	Intergenic	CRE	0.99403	NA	NA	NA	0	0	0	0	0	0	0	0	0	0	0	0	0	0	0	1	0	1	0	0	0	0	0	1	0	0	0	0	0	0	1	0	0	1	0	0	0	0	0	NA	0.083	NA	NA	NA	NA	NA	NA	1	0	1
6:152521013:C:G	rs2813536	Height	BBJ, FG, UKBB	SYNE1	Intron	Non-genic	0.99692	NA	NA	NA	0	0	0	0	0	1	0	0	0	0	0	0	0	0	0	0	1	1	1	1	0	1	0	0	0	0	1	0	0	0	0	0	0	1	0	0	0	0	0	23147	0.182	0.13451	0.38845	NA	NA	NA	31086	0	1	0
6:152562271:C:G	rs58415480	UF	FG, UKBB	SYNE1	Intron	Non-genic	1	NA	NA	NA	0	0	0	0	0	1	0	1	1	1	1	1	0	0	1	1	0	1	1	0	0	0	0	0	0	0	1	0	0	0	0	0	0	1	0	0	0	0	0	17641	0.363	NA	0.99527	0.99726	NA	NA	NA	1	0	0
6:160581543:T:TG	rs4646284	PrC	BBJ, FG, UKBB	RP11-317M22.1	Downstream gene	CRE	1	NA	0.99997	Prostate	0	0	0	1	0	0	0	0	0	1	1	1	0	0	1	0	1	1	0	0	0	0	0	1	0	0	0	0	0	0	0	1	0	0	0	0	0	0	0	NA	0.122	NA	NA	NA	NA	1	NA	1	1	1
7:6502367:T:C	rs6796	Mono	BBJ, UKBB	KDELR2	3 prime UTR	UTR3	0.99985	NA	0.99985	blood	0	0	0	0	1	1	1	1	1	0	0	0	0	0	0	1	0	1	0	0	0	0	0	0	0	0	0	0	0	0	0	0	0	1	1	0	0	0	0	9573.1	0.125	NA	NA	NA	0.10192	NA	16603	0	0	0
7:19049388:G:A	rs2107595	CAD	BBJ, FG, UKBB	NA	Regulatory region	CRE	0.93381	NA	NA	NA	0	0	0	0	0	1	1	1	1	1	1	1	0	0	1	1	1	1	1	1	0	1	0	0	0	0	0	0	0	1	0	1	0	0	0	0	0	0	0	13350	0.136	0.068898	NA	NA	NA	NA	6953.6	1	1	1
7:19049388:G:A	rs2107595	PP	BBJ, UKBB	NA	Regulatory region	CRE	0.92615	NA	NA	NA	0	0	0	0	0	1	1	1	1	1	1	1	0	0	1	1	1	1	1	1	0	1	0	0	0	0	0	0	0	1	0	1	0	0	0	0	0	0	0	13350	0.136	0.068898	NA	NA	NA	NA	6953.6	1	1	1
7:26022414:A:C	rs7780562	GGT	BBJ, UKBB	NA	Intergenic	Non-genic	0.99986	NA	NA	NA	0	0	0	0	0	0	0	0	0	0	0	0	0	0	0	0	0	0	0	0	0	0	0	0	0	0	0	0	0	1	0	0	0	0	0	0	0	0	0	23504	0.101	0.12292	NA	NA	NA	NA	812.1	1	0	0
7:26022414:A:C	rs7780562	LDLC	BBJ, UKBB	NA	Intergenic	Non-genic	0.9994	NA	NA	NA	0	0	0	0	0	0	0	0	0	0	0	0	0	0	0	0	0	0	0	0	0	0	0	0	0	0	0	0	0	1	0	0	0	0	0	0	0	0	0	23504	0.101	0.12292	NA	NA	NA	NA	812.1	1	0	0
7:28724374:G:T	rs56388170	Neutro	BBJ, UKBB	CREB5	Intron	Promoter	1	NA	1	Whole_Blood	1	0	0	0	0	0	0	0	0	1	1	1	0	0	1	1	1	1	0	1	0	0	0	1	0	0	1	0	1	0	1	1	0	0	0	0	0	0	0	14211	0.126	0.13985	1	1	NA	6	36370	1	1	1
7:28724374:G:T	rs56388170	WBC	BBJ, UKBB	CREB5	Intron	Promoter	1	NA	1	Whole_Blood	1	0	0	0	0	0	0	0	0	1	1	1	0	0	1	1	1	1	0	1	0	0	0	1	0	0	1	0	1	0	1	1	0	0	0	0	0	0	0	14211	0.126	0.13985	1	1	NA	6	36370	1	1	1
7:46010100:C:G	rs10260816	PP	BBJ, UKBB	AC073115.6	Intron	Non-genic	0.98202	NA	NA	NA	0	0	0	0	0	0	0	0	0	0	0	0	0	0	0	1	1	1	0	0	0	0	0	0	0	0	0	0	0	1	0	0	0	0	0	0	0	0	0	10637	0.048	NA	NA	0.016359	NA	NA	5483.9	0	1	0
7:46214253:A:G	rs17172647	Cataract	BBJ, FG, UKBB	NA	Intergenic	CRE	0.95686	NA	NA	NA	0	0	0	0	0	0	0	0	0	0	1	1	0	0	1	1	1	1	0	0	0	0	0	0	0	0	0	0	0	1	1	0	0	0	0	0	0	0	0	12055	0.036	NA	NA	NA	NA	NA	19985	1	1	0
7:50427982:G:A	rs6592965	MCH	BBJ, UKBB	IKZF1	Intron	CRE	1	NA	NA	NA	0	0	0	0	0	1	1	0	1	1	1	0	0	1	1	1	1	1	1	1	1	1	1	1	0	0	1	0	0	0	1	1	0	1	0	0	1	0	0	12105	0.161	1	NA	1	NA	1	27318	1	1	1
7:50427982:G:A	rs6592965	MCV	BBJ, UKBB	IKZF1	Intron	CRE	1	NA	NA	NA	0	0	0	0	0	1	1	0	1	1	1	0	0	1	1	1	1	1	1	1	1	1	1	1	0	0	1	0	0	0	1	1	0	1	0	0	1	0	0	12105	0.161	1	NA	1	NA	1	27318	1	1	1
7:50427982:G:A	rs6592965	RBC	BBJ, UKBB	IKZF1	Intron	CRE	1	NA	NA	NA	0	0	0	0	0	1	1	0	1	1	1	0	0	1	1	1	1	1	1	1	1	1	1	1	0	0	1	0	0	0	1	1	0	1	0	0	1	0	0	12105	0.161	1	NA	1	NA	1	27318	1	1	1
7:92408370:C:T	rs445	Eosino	BBJ, UKBB	CDK6	Intron	CRE	1	NA	NA	NA	0	0	0	0	0	0	0	0	0	1	1	1	0	1	1	1	1	1	1	0	0	0	0	0	0	0	1	0	0	0	1	1	0	1	0	0	0	0	0	3236.4	0.403	NA	NA	0.95795	NA	NA	3749.1	1	1	0
7:92408370:C:T	rs445	Mono	BBJ, UKBB	CDK6	Intron	CRE	1	NA	NA	NA	0	0	0	0	0	0	0	0	0	1	1	1	0	1	1	1	1	1	1	0	0	0	0	0	0	0	1	0	0	0	1	1	0	1	0	0	0	0	0	3236.4	0.403	NA	NA	0.95795	NA	NA	3749.1	1	1	0
7:92408370:C:T	rs445	Neutro	BBJ, UKBB	CDK6	Intron	CRE	1	NA	NA	NA	0	0	0	0	0	0	0	0	0	1	1	1	0	1	1	1	1	1	1	0	0	0	0	0	0	0	1	0	0	0	1	1	0	1	0	0	0	0	0	3236.4	0.403	NA	NA	0.95795	NA	NA	3749.1	1	1	0
7:92408370:C:T	rs445	WBC	BBJ, UKBB	CDK6	Intron	CRE	1	NA	NA	NA	0	0	0	0	0	0	0	0	0	1	1	1	0	1	1	1	1	1	1	0	0	0	0	0	0	0	1	0	0	0	1	1	0	1	0	0	0	0	0	3236.4	0.403	NA	NA	0.95795	NA	NA	3749.1	1	1	0
7:92682609:G:A	rs739385	MCH	BBJ, UKBB	NA	Regulatory region	CRE	0.99331	NA	NA	NA	0	0	0	0	0	0	0	0	0	0	1	0	0	1	0	1	1	1	0	1	0	0	0	0	0	0	0	0	0	0	0	1	0	0	0	0	0	0	0	17336	0.17	NA	NA	NA	NA	NA	13238	1	1	0
7:92682609:G:A	rs739385	MCV	BBJ, UKBB	NA	Regulatory region	CRE	0.99922	NA	NA	NA	0	0	0	0	0	0	0	0	0	0	1	0	0	1	0	1	1	1	0	1	0	0	0	0	0	0	0	0	0	0	0	1	0	0	0	0	0	0	0	17336	0.17	NA	NA	NA	NA	NA	13238	1	1	0
8:24041988:A:C	rs62501195	Height	BBJ, FG, UKBB	NA	Intergenic	Non-genic	1	NA	NA	NA	0	0	0	0	0	0	0	0	0	1	1	0	0	0	0	0	0	0	0	0	0	0	0	0	0	0	0	0	0	1	0	0	0	0	0	0	0	0	0	2065.7	0.097	0.051532	0.15616	NA	NA	NA	1381	0	0	0
8:41630447:G:A	rs4737010	MCHC	BBJ, UKBB	ANK1	Intron	CRE	1	NA	NA	NA	0	0	0	0	0	0	0	0	0	1	1	1	0	1	1	1	1	1	1	1	1	1	0	0	0	0	1	0	0	0	1	1	0	0	0	0	0	0	0	16408	0.213	NA	NA	NA	NA	NA	8111.8	1	1	0
8:41630447:G:A	rs4737010	MCV	BBJ, UKBB	ANK1	Intron	CRE	0.99996	NA	NA	NA	0	0	0	0	0	0	0	0	0	1	1	1	0	1	1	1	1	1	1	1	1	1	0	0	0	0	1	0	0	0	1	1	0	0	0	0	0	0	0	16408	0.213	NA	NA	NA	NA	NA	8111.8	1	1	0
8:106581528:A:T	rs6993770	Plt	BBJ, UKBB	ZFPM2	Intron	CRE	1	NA	NA	NA	0	0	0	0	0	0	0	0	0	1	1	1	0	1	1	0	1	1	0	1	0	0	0	0	0	0	1	0	0	0	0	1	0	0	0	0	0	0	0	14474	0.18	NA	NA	NA	NA	NA	5784.6	1	1	0
8:128077146:G:A	rs77541621	PrC	FG, UKBB	NA	Intergenic	Non-genic	1	NA	NA	NA	0	0	0	0	0	0	0	0	0	1	0	0	0	0	0	0	0	1	0	0	0	0	0	0	0	0	0	0	0	0	0	0	0	0	0	0	0	0	0	14750	0.012	NA	NA	NA	NA	NA	866.54	1	0	0
8:128104117:A:G	rs183373024	PrC	BBJ, FG, UKBB	PRNCR1	Upstream gene	CRE	0.995	NA	NA	NA	0	0	0	0	0	0	0	0	0	1	1	1	0	0	0	1	0	1	0	0	0	0	0	0	0	0	0	0	0	1	0	1	0	0	0	0	0	0	0	17971	0.018	NA	NA	NA	NA	NA	180.74	1	0	1
9:6197392:T:C	rs1888909	Eosino	BBJ, UKBB	RP11-575C20.1	Downstream gene	Non-genic	0.99891	NA	NA	NA	0	0	0	1	0	0	0	0	0	0	1	0	0	0	0	0	0	1	0	0	0	0	0	0	0	0	0	0	0	0	0	1	0	0	0	0	0	0	0	9173	0.186	NA	NA	NA	NA	NA	27215	1	0	0
9:15304782:C:A	rs686030	Cholelithiasis	BBJ, FG, UKBB	TTC39B	Intron	CRE	0.99161	NA	0.81465	macrophage_Salmonella	0	0	0	0	0	0	0	0	0	1	1	1	0	0	1	1	1	1	1	1	0	1	0	0	1	0	1	0	0	0	1	1	0	0	0	0	1	0	1	12981	0.077	NA	0.61967	0.88006	0.85392	NA	17287	1	1	0
9:90873653:G:A	rs10746837	Height	BBJ, FG, UKBB	NA	Regulatory region	CRE	0.98128	NA	NA	NA	0	0	0	0	0	0	0	0	0	1	1	1	0	0	1	1	1	1	1	1	1	1	0	0	0	0	0	0	0	0	0	1	0	0	0	0	0	0	0	13755	0.036	NA	NA	NA	NA	NA	66906	1	1	1
9:98368761:T:C	rs1984119	BW	BBJ, FG, UKBB	RP11-332M4.1	Upstream gene	CRE	0.99983	NA	NA	NA	0	0	0	0	0	1	1	1	1	0	1	1	0	0	1	0	1	1	1	1	1	1	0	0	0	0	0	0	0	0	0	1	0	0	0	0	0	0	0	16963	0.11	NA	0.63822	NA	NA	NA	17852	1	1	1
9:107589744:C:T	rs4149307	TC	BBJ, UKBB	ABCA1	Intron	CRE	0.9635	NA	NA	NA	0	0	0	0	0	0	0	0	0	0	0	0	0	0	0	1	1	1	0	0	0	0	0	0	0	0	1	0	0	0	1	0	0	1	0	0	0	0	0	11102	0.262	NA	NA	0.47532	NA	NA	10598	1	1	0
9:113912553:A:G	rs10980797	Mono	BBJ, UKBB	RP11-202G18.1	Intron	CRE	0.99998	NA	0.68362	monocyte_naive	0	0	0	0	0	0	0	0	0	1	1	1	0	0	1	1	1	1	0	1	1	1	0	0	0	0	0	0	0	1	0	1	0	0	0	0	0	0	0	18369	0.164	NA	0.49144	0.87633	NA	NA	36337	1	1	0
9:136385088:A:C	rs9330462	Height	BBJ, FG, UKBB	TMEM8C	Intron	CRE	0.9999	NA	NA	NA	0	0	0	0	0	0	0	0	0	1	1	1	0	0	0	1	1	1	1	0	0	0	0	1	0	0	1	0	0	0	1	1	0	0	0	0	0	0	0	18885	0.094	NA	0.99906	NA	NA	2	11265	1	1	0
10:9329035:AT:A	rs35009121	Ca	BBJ, UKBB	LINC00709	Downstream gene	Non-genic	0.99905	NA	NA	NA	0	0	0	0	0	0	0	0	0	0	0	0	0	0	0	0	0	0	0	0	0	0	0	0	0	0	0	0	0	1	0	0	0	0	0	0	0	0	0	NA	0.016	NA	NA	NA	NA	NA	NA	0	0	0
10:18440444:G:A	rs1888693	Diverticulosis	FG, UKBB	CACNB2	Intron	CRE	0.98499	NA	NA	NA	0	0	0	0	0	0	0	0	0	0	1	1	0	0	1	1	1	1	0	1	0	0	0	0	0	0	1	0	0	1	1	0	0	0	0	0	0	0	0	14524	0.082	NA	NA	0.021737	NA	NA	37984	1	1	0
10:51549496:T:C	rs10993994	PrC	BBJ, FG, UKBB	MSMB	Upstream gene	Promoter	0.99982	NA	0.99982	Prostate	0	0	0	0	0	0	0	0	0	0	1	1	0	0	1	1	0	1	0	0	0	0	0	0	0	0	0	0	1	1	0	0	0	0	0	0	0	0	0	12826	0.105	0.014743	NA	0.14145	1	NA	36896	1	0	0
10:119480578:G:A	rs10886117	UA	BBJ, UKBB	NA	Regulatory region	CRE	0.934	NA	NA	NA	0	0	0	0	0	0	0	0	0	1	1	1	0	0	1	0	1	1	1	1	0	1	0	0	0	0	0	0	0	0	0	1	0	0	0	0	0	0	1	18543	0.071	NA	NA	NA	NA	NA	2304.8	1	1	1
11:2165576:G:A	rs35506085	Height	BBJ, FG, UKBB	IGF2-AS	Upstream gene	CRE	0.99897	NA	NA	NA	0	0	1	0	0	1	1	1	1	1	1	1	0	1	1	1	0	1	1	1	1	1	1	0	0	0	1	0	0	0	1	1	0	0	0	0	0	0	0	18830	0.012	1	NA	NA	NA	NA	6749.8	1	0	1
11:2813322:C:T	rs143840904	Height	BBJ, FG, UKBB	KCNQ1	Intron	CRE	1	NA	NA	NA	0	0	1	0	0	0	0	1	0	1	1	1	0	1	1	1	0	1	1	1	1	1	0	0	0	0	1	0	0	0	1	1	0	0	0	0	0	1	0	12206	0.018	NA	NA	NA	NA	NA	17901	1	0	1
11:2858546:C:T	rs2237897	T2D	BBJ, FG	KCNQ1	Intron	CRE	1	NA	NA	NA	0	0	1	1	0	0	0	0	0	1	1	1	0	1	1	1	1	1	1	1	1	1	1	0	0	0	1	0	0	0	0	1	1	0	0	0	0	0	0	10313	0.018	NA	NA	NA	NA	NA	6765.4	1	1	1
11:30749090:T:C	rs963837	UA	BBJ, UKBB	NA	Intergenic	Non-genic	1	NA	NA	NA	0	0	0	0	0	0	0	0	0	0	1	0	0	0	0	0	0	0	0	0	0	0	0	0	0	0	0	0	0	1	0	0	0	0	0	0	0	0	0	10812	0.152	NA	NA	NA	NA	NA	9910.8	0	0	0
11:30749090:T:C	rs963837	eGFR	BBJ, UKBB	NA	Intergenic	Non-genic	1	NA	NA	NA	0	0	0	0	0	0	0	0	0	0	1	0	0	0	0	0	0	0	0	0	0	0	0	0	0	0	0	0	0	1	0	0	0	0	0	0	0	0	0	10812	0.152	NA	NA	NA	NA	NA	9910.8	0	0	0
11:30749090:T:C	rs963837	sCr	BBJ, UKBB	NA	Intergenic	Non-genic	1	NA	NA	NA	0	0	0	0	0	0	0	0	0	0	1	0	0	0	0	0	0	0	0	0	0	0	0	0	0	0	0	0	0	1	0	0	0	0	0	0	0	0	0	10812	0.152	NA	NA	NA	NA	NA	9910.8	0	0	0
11:89224453:A:C	rs2289125	Height	BBJ, FG, UKBB	NOX4	5 prime UTR	UTR5	0.97895	NA	NA	NA	1	0	1	0	1	0	0	0	0	1	1	1	0	0	1	1	1	1	1	1	1	1	1	1	0	0	1	0	1	0	0	1	1	0	0	1	0	0	0	19815	0.084	NA	NA	NA	NA	2	15279	1	1	1
11:92708710:C:G	rs10830963	T2D	BBJ, FG, UKBB	MTNR1B	Intron	Non-genic	1	NA	NA	NA	0	0	0	0	0	0	0	0	0	1	0	0	0	0	0	1	0	1	0	0	0	0	0	0	0	0	1	0	0	0	0	1	0	0	0	0	0	0	0	9655.6	0.085	NA	NA	NA	NA	NA	1381	0	0	0
11:126285301:G:A	rs7949566	ALP	BBJ, UKBB	ST3GAL4	Downstream gene	CRE	0.99978	NA	NA	NA	1	0	0	0	0	0	1	1	1	1	1	1	0	0	1	1	1	1	0	1	0	1	0	1	0	0	0	0	0	0	1	0	0	1	0	0	0	0	0	12959	0.236	0.48095	NA	0.075234	NA	8	26181	1	1	1
12:570840:G:A	rs7966590	ALP	BBJ, UKBB	B4GALNT3	Intron	Promoter	0.99936	NA	NA	NA	0	0	1	0	0	0	0	0	0	1	1	0	0	0	1	1	1	1	1	1	0	1	0	0	0	0	1	0	1	0	1	1	0	0	0	0	0	0	0	NA	0.106	NA	NA	NA	NA	NA	8554.9	1	1	0
12:4384844:T:G	rs76895963	BW	FG, UKBB	CCND2	Intron	Promoter	1	NA	1	Brain_Cerebellum	0	1	1	0	0	1	0	1	0	1	1	1	0	1	0	1	1	1	1	1	0	1	0	0	1	1	1	0	1	0	1	1	1	0	0	0	1	0	0	11292	0.066	NA	NA	NA	NA	NA	NA	1	1	1
12:4384844:T:G	rs76895963	Height	FG, UKBB	CCND2	Intron	Promoter	1	NA	1	Brain_Cerebellum	0	1	1	0	0	1	0	1	0	1	1	1	0	1	0	1	1	1	1	1	0	1	0	0	1	1	1	0	1	0	1	1	1	0	0	0	1	0	0	11292	0.066	NA	NA	NA	NA	NA	NA	1	1	1
12:4384844:T:G	rs76895963	T2D	FG, UKBB	CCND2	Intron	Promoter	1	NA	1	Brain_Cerebellum	0	1	1	0	0	1	0	1	0	1	1	1	0	1	0	1	1	1	1	1	0	1	0	0	1	1	1	0	1	0	1	1	1	0	0	0	1	0	0	11292	0.066	NA	NA	NA	NA	NA	NA	1	1	1
12:6493351:A:G	rs10849448	LOY	BBJ, UKBB	LTBR	5 prime UTR	UTR5	0.9989	NA	0.9989	Breast_Mammary_Tissue, Esophagus_Mucosa, Skin_Sun_Exposed_Lower_leg, Muscle_Skeletal, Adipose_Visceral_Omentum, Heart_Atrial_Appendage, Cells_Cultured_fibroblasts, Heart_Left_Ventricle, Adipose_Subcutaneous, Nerve_Tibial, Artery_Tibial, Testis, Thyroid	0	1	1	0	1	1	0	1	0	1	1	1	0	0	1	1	1	1	1	1	1	1	1	0	1	0	1	0	1	0	1	1	1	0	0	1	0	0	0	17030	0.184	0.76738	0.8929	NA	0.077218	NA	4268.8	1	1	1
12:50263148:G:A	rs7132908	BW	BBJ, FG, UKBB	FAIM2	3 prime UTR	UTR3	0.92394	NA	NA	NA	0	0	1	0	1	1	1	0	1	1	1	1	0	1	1	1	1	1	1	1	0	1	0	0	0	0	0	0	0	0	1	1	1	0	1	0	0	0	0	18570	0.428	0.88699	0.0316	NA	NA	NA	7188.2	1	1	0
12:57527283:T:C	rs11172113	Migraine	FG, UKBB	LRP1	Intron	CRE	0.98792	NA	0.98792	Artery_Tibial	0	0	0	0	0	1	1	1	1	1	1	1	0	0	0	1	1	1	1	1	0	1	0	0	1	0	1	0	0	0	1	1	0	1	0	0	0	0	1	16676	0.591	NA	0.56795	NA	NA	NA	24285	1	1	0
12:94136009:G:C	rs7953280	Height	BBJ, FG, UKBB	CRADD	Intron	CRE	1	NA	NA	NA	1	0	0	0	0	1	1	1	1	1	1	1	1	0	1	1	1	1	1	1	1	1	1	1	0	0	1	0	0	0	1	1	1	0	0	0	0	1	0	9319.4	0.092	NA	0.081348	0.047634	NA	9	9519	1	1	1
12:125265201:G:A	rs921919	HDLC	BBJ, UKBB	SCARB1	Intron	Non-genic	0.94476	NA	NA	NA	0	0	0	1	0	0	0	0	0	0	0	0	0	0	0	1	1	1	0	0	0	0	0	1	0	0	1	0	0	0	1	1	0	1	0	0	0	0	0	15497	0.048	0.017504	NA	NA	NA	3	2304.8	0	1	1
12:133047979:A:G	rs34980052	MCV	BBJ, UKBB	MUC8	Downstream gene	CRE	0.91247	NA	0.4708	LCL	0	0	0	0	0	0	0	0	0	0	1	1	0	1	1	1	1	1	1	0	0	0	0	0	0	0	0	0	0	0	1	1	0	0	0	0	0	0	1	17901	0.1	1	1	1	0.25932	NA	5042.5	1	1	1
13:41002641:T:C	rs1892548	Mono	BBJ, UKBB	NA	Regulatory region	CRE	1	NA	0.5992	monocyte	0	0	0	0	0	0	0	0	0	1	1	1	0	0	1	1	1	1	0	0	0	0	0	0	0	0	1	0	0	1	0	0	0	0	0	0	0	0	0	15597	0.047	NA	0.95892	1	NA	NA	27673	1	1	0
13:50565104:ACT:A	rs201736780	Height	FG, UKBB	NA	Intergenic	Non-genic	0.99999	NA	0.29568	T-cell	0	0	0	0	0	0	0	0	0	0	0	0	0	0	0	0	0	1	0	0	0	0	0	0	0	0	1	0	0	0	0	0	0	1	0	0	0	0	0	NA	0.471	NA	NA	NA	NA	NA	NA	0	0	0
13:51194405:C:T	rs573666	Inguinal_Hernia	BBJ, FG, UKBB	NA	Intergenic	Non-genic	0.99582	NA	NA	NA	0	0	0	0	0	0	0	0	0	0	1	0	0	0	1	1	0	0	0	0	0	0	0	0	0	0	0	0	0	1	0	0	0	0	0	0	0	0	0	11078	0.101	NA	NA	NA	NA	NA	8039.7	0	0	0
13:111049623:T:C	rs9515203	CAD	BBJ, FG, UKBB	COL4A2	Intron	CRE	1	NA	NA	NA	1	0	0	0	0	0	0	0	0	0	1	1	0	0	1	1	1	1	1	1	0	1	0	1	0	0	1	0	0	0	1	1	0	1	0	0	0	0	0	18513	0.02	0.63697	NA	NA	NA	3	5373.9	1	1	1
13:111049623:T:C	rs9515203	MI	BBJ, FG, UKBB	COL4A2	Intron	CRE	1	NA	NA	NA	1	0	0	0	0	0	0	0	0	0	1	1	0	0	1	1	1	1	1	1	0	1	0	1	0	0	1	0	0	0	1	1	0	1	0	0	0	0	0	18513	0.02	0.63697	NA	NA	NA	3	5373.9	1	1	1
14:23589349:A:G	rs2239630	Mono	BBJ, UKBB	CEBPE	Upstream gene	Promoter	1	NA	0.99901	T-cell	1	0	0	0	0	0	0	1	0	1	1	1	0	1	1	1	1	1	1	1	1	1	1	1	0	0	0	0	1	0	0	1	0	0	0	0	0	0	1	22610	0.242	1	0.99984	0.78617	NA	4	1443.8	1	1	1
14:75975648:C:G	rs175705	Eosino	BBJ, UKBB	NA	Intergenic	Non-genic	0.99999	NA	NA	NA	0	0	0	0	0	0	0	0	0	1	0	0	0	0	0	0	0	0	0	0	0	0	0	0	0	0	0	0	0	1	0	0	0	0	0	0	0	0	0	12366	0.117	0.087751	0.24416	NA	NA	NA	29903	0	0	0
15:51570853:G:A	rs1902586	Height	BBJ, FG, UKBB	CYP19A1	Intron	Promoter	0.93585	NA	NA	NA	0	0	0	0	0	0	0	0	0	0	0	0	0	0	0	0	0	0	0	0	0	0	0	0	0	0	1	0	1	0	0	1	0	1	0	0	0	0	0	6486.8	0.435	NA	NA	NA	NA	NA	32624	0	0	0
15:58573833:T:G	rs28690720	HDLC	BBJ, UKBB	NA	Intergenic	Non-genic	0.9436	NA	NA	NA	1	0	0	0	0	0	0	0	0	0	0	0	0	0	0	1	1	1	1	1	1	0	0	1	0	0	0	0	0	0	1	0	0	0	0	0	0	0	0	12504	0.073	NA	NA	NA	NA	6	11434	0	1	1
15:58723939:G:A	rs2070895	HDLC	BBJ, UKBB	LIPC	Intron	Promoter	0.98533	NA	0.3173	Liver	1	0	0	0	0	0	0	0	0	0	1	1	0	0	1	1	1	1	0	1	0	1	0	1	0	0	0	0	1	0	1	1	0	0	0	0	0	0	0	18179	0.073	0.055283	NA	0.1592	NA	9	43691	0	1	1
15:60883281:C:A	rs339969	GGT	BBJ, UKBB	RORA	Intron	Promoter	0.99988	NA	NA	NA	0	1	1	0	0	1	0	1	0	1	1	1	1	0	1	1	1	1	1	1	1	1	1	0	1	1	1	0	1	0	1	1	1	0	0	0	1	0	0	6886.5	0.198	NA	NA	NA	NA	NA	14213	1	1	1
15:68080886:A:T	rs4776970	BMI	BBJ, FG, UKBB	MAP2K5	Intron	Non-genic	0.98881	NA	NA	NA	0	0	0	0	0	0	0	0	0	0	0	0	0	0	0	1	0	1	0	0	0	0	0	0	0	0	1	0	0	0	0	0	0	1	0	0	0	0	0	15801	0.518	NA	NA	NA	NA	NA	59011	0	0	0
15:68080886:A:T	rs4776970	BW	BBJ, FG, UKBB	MAP2K5	Intron	Non-genic	0.99118	NA	NA	NA	0	0	0	0	0	0	0	0	0	0	0	0	0	0	0	1	0	1	0	0	0	0	0	0	0	0	1	0	0	0	0	0	0	1	0	0	0	0	0	15801	0.518	NA	NA	NA	NA	NA	59011	0	0	0
15:70376441:T:C	rs631864	NAP	BBJ, UKBB	TLE3	Intron	CRE	1	NA	NA	NA	0	0	0	0	0	0	0	0	0	1	1	1	0	1	1	1	1	1	1	1	0	0	0	0	0	0	1	0	0	0	0	1	0	1	0	0	0	0	0	17290	0.06	NA	NA	NA	NA	NA	16798	1	1	1
16:193224:G:A	rs11864973	MCH	BBJ, UKBB	NPRL3	Upstream gene	CRE	1	NA	0.51422	Spleen	0	0	0	0	0	0	0	0	0	1	1	1	1	1	0	1	1	1	1	0	0	0	0	0	0	0	0	0	0	0	1	1	0	0	0	0	0	0	0	9190.2	0.165	NA	NA	NA	NA	NA	6084.6	1	1	1
16:193224:G:A	rs11864973	MCV	BBJ, UKBB	NPRL3	Upstream gene	CRE	1	NA	0.51422	Spleen	0	0	0	0	0	0	0	0	0	1	1	1	1	1	0	1	1	1	1	0	0	0	0	0	0	0	0	0	0	0	1	1	0	0	0	0	0	0	0	9190.2	0.165	NA	NA	NA	NA	NA	6084.6	1	1	1
16:20392332:G:A	rs77924615	eGFR	BBJ, UKBB	PDILT	Intron	Non-genic	1	NA	NA	NA	0	0	0	0	0	1	0	0	0	1	1	1	0	0	1	0	0	1	1	0	0	0	0	0	0	0	1	0	0	0	0	0	0	1	0	0	0	0	0	10039	0.192	NA	NA	NA	NA	NA	1134.2	1	0	0
16:20392332:G:A	rs77924615	sCr	BBJ, UKBB	PDILT	Intron	Non-genic	1	NA	NA	NA	0	0	0	0	0	1	0	0	0	1	1	1	0	0	1	0	0	1	1	0	0	0	0	0	0	0	1	0	0	0	0	0	0	1	0	0	0	0	0	10039	0.192	NA	NA	NA	NA	NA	1134.2	1	0	0
16:30103160:C:A	rs3809627	RBC	BBJ, UKBB	TBX6	Intron	Promoter	1	NA	1	Skin_Sun_Exposed_Lower_leg, Muscle_Skeletal, Whole_Blood, Nerve_Tibial, Esophagus_Muscularis	0	1	0	0	0	0	0	0	0	0	1	1	0	0	1	1	1	1	0	1	1	1	1	0	1	0	1	0	1	0	1	1	1	0	0	1	0	0	0	6411	0.888	NA	NA	NA	0.99079	NA	28876	1	1	1
16:51095561:C:T	rs138937927	Height	FG, UKBB	NA	Intergenic	Non-genic	1	NA	NA	NA	0	0	0	0	0	0	0	1	0	0	1	0	0	0	0	0	1	1	0	0	0	1	0	1	0	0	0	0	0	0	0	0	0	0	0	0	0	0	0	11465	0.081	NA	NA	NA	NA	3	NA	0	1	0
16:52599188:C:T	rs4784227	BrC	BBJ, FG, UKBB	CASC16	Intron	CRE	0.97414	NA	NA	NA	0	0	0	0	0	0	0	0	0	1	1	1	0	1	1	1	1	1	1	0	0	1	0	1	0	0	1	0	0	0	1	1	0	0	0	0	0	0	0	5803.4	0.149	NA	NA	NA	NA	1	2296	1	1	1
16:57017662:G:A	rs1801706	HDLC	BBJ, UKBB	CETP	3 prime UTR	UTR3	0.94872	Non-pathogenic	NA	NA	0	0	1	0	1	0	0	0	0	0	1	1	0	1	1	1	1	1	1	1	0	1	0	1	0	0	0	0	0	0	1	1	0	0	1	0	1	0	0	15852	0.083	0.052984	NA	NA	NA	NA	5080.9	1	1	1
16:73053022:T:A	rs2359171	AFib	BBJ, FG, UKBB	ZFHX3	Intron	CRE	0.99929	NA	NA	NA	1	0	0	0	0	0	0	1	0	0	1	0	0	0	1	1	1	1	0	1	0	1	1	1	0	0	1	0	0	0	1	0	0	1	0	0	0	0	0	7646.9	0.232	NA	NA	NA	NA	3	18306	1	1	1
16:81534790:T:C	rs2925979	HDLC	BBJ, UKBB	CMIP	Intron	CRE	0.99998	NA	NA	NA	0	0	0	0	0	1	0	1	0	1	1	1	0	1	1	1	1	1	1	1	0	0	0	0	0	0	1	1	0	0	1	0	0	1	0	0	0	0	0	15464	0.032	NA	NA	NA	NA	NA	27282	1	1	1
16:85936389:T:TGGTGGCTGCA	rs29001489	Mono	BBJ, UKBB	IRF8	Intron	Promoter	1	NA	NA	NA	0	0	0	0	0	0	0	0	0	1	1	1	0	0	1	1	1	1	0	1	1	1	0	0	1	1	1	0	1	0	1	1	1	0	0	1	0	0	0	NA	0.049	NA	NA	NA	NA	NA	NA	1	1	0
16:88856084:C:G	rs551118	MCHC	BBJ, UKBB	PIEZO1	Upstream gene	CRE	0.93163	NA	0.26871	neutrophil	0	0	0	0	0	0	0	0	0	1	0	0	0	0	0	1	1	1	0	1	0	0	0	0	0	0	0	0	0	0	1	1	0	0	0	0	1	0	0	12804	0.105	0.22994	0.74532	NA	NA	NA	3128.4	1	1	0
17:7571752:T:G	rs78378222	BW	FG, UKBB	TP53	3 prime UTR	UTR3	0.99999	Pathogenic	0.99999	blood	0	0	0	0	1	1	1	1	1	0	1	0	0	0	0	1	1	1	0	0	0	1	0	0	0	0	0	0	1	0	0	1	0	1	1	1	0	0	0	13284	0.541	NA	NA	NA	NA	NA	NA	1	1	1
17:7571752:T:G	rs78378222	Benign_Neoplasms	FG, UKBB	TP53	3 prime UTR	UTR3	1	Pathogenic	1	blood	0	0	0	0	1	1	1	1	1	0	1	0	0	0	0	1	1	1	0	0	0	1	0	0	0	0	0	0	1	0	0	1	0	1	1	1	0	0	0	13284	0.541	NA	NA	NA	NA	NA	NA	1	1	1
17:7571752:T:G	rs78378222	Height	FG, UKBB	TP53	3 prime UTR	UTR3	1	Pathogenic	1	blood	0	0	0	0	1	1	1	1	1	0	1	0	0	0	0	1	1	1	0	0	0	1	0	0	0	0	0	0	1	0	0	1	0	1	1	1	0	0	0	13284	0.541	NA	NA	NA	NA	NA	NA	1	1	1
17:7571752:T:G	rs78378222	SkC	FG, UKBB	TP53	3 prime UTR	UTR3	1	Pathogenic	1	blood	0	0	0	0	1	1	1	1	1	0	1	0	0	0	0	1	1	1	0	0	0	1	0	0	0	0	0	0	1	0	0	1	0	1	1	1	0	0	0	13284	0.541	NA	NA	NA	NA	NA	NA	1	1	1
17:7571752:T:G	rs78378222	UF	FG, UKBB	TP53	3 prime UTR	UTR3	1	Pathogenic	1	blood	0	0	0	0	1	1	1	1	1	0	1	0	0	0	0	1	1	1	0	0	0	1	0	0	0	0	0	0	1	0	0	1	0	1	1	1	0	0	0	13284	0.541	NA	NA	NA	NA	NA	NA	1	1	1
17:16892841:T:C	rs7214091	NAP	BBJ, UKBB	AC104024.2	Intron	CRE	1	NA	NA	NA	0	0	0	0	0	0	0	0	0	1	1	1	0	0	1	1	1	1	0	1	1	0	0	1	0	0	0	0	0	0	1	1	1	1	0	0	0	1	0	17253	0.176	NA	1	1	NA	NA	33888	1	1	1
17:16892841:T:C	rs7214091	TP	BBJ, UKBB	AC104024.2	Intron	CRE	1	NA	NA	NA	0	0	0	0	0	0	0	0	0	1	1	1	0	0	1	1	1	1	0	1	1	0	0	1	0	0	0	0	0	0	1	1	1	1	0	0	0	1	0	17253	0.176	NA	1	1	NA	NA	33888	1	1	1
17:36073320:C:A	rs17138478	Cholelithiasis	BBJ, FG, UKBB	HNF1B	Intron	CRE	0.99638	NA	NA	NA	1	0	0	0	0	1	1	1	1	1	1	1	1	0	0	1	1	1	1	0	0	1	1	1	0	0	1	0	0	0	1	1	0	1	0	0	0	0	0	14365	0.154	0.1817	NA	NA	NA	7	10941	1	1	0
17:49615545:G:T	rs17585461	Age_at_Menarche	BBJ, UKBB	NA	Intergenic	CRE	0.902	NA	NA	NA	0	0	0	0	0	1	1	1	1	0	0	0	0	0	0	0	1	0	0	0	0	0	0	0	0	0	0	0	0	1	0	0	0	0	0	0	0	0	0	13285	0.105	NA	NA	NA	NA	NA	16606	1	1	0
17:63556402:C:G	rs12452505	Height	BBJ, FG, UKBB	AXIN2	Intron	Promoter	1	NA	NA	NA	0	1	1	0	0	0	0	0	0	1	1	1	0	1	1	1	1	1	0	1	1	1	1	0	1	0	1	0	1	0	1	1	1	0	0	1	0	0	0	20875	0.089	NA	NA	NA	NA	NA	161.19	1	1	1
17:67082962:C:G	rs740516	TC	BBJ, UKBB	ABCA6	Intron	Non-genic	0.99998	NA	NA	NA	0	0	0	0	0	0	0	0	0	0	1	1	0	0	1	0	0	0	0	0	0	0	0	0	0	0	1	0	0	0	0	0	0	1	0	0	0	0	0	12321	0.436	NA	0.13117	NA	NA	NA	5297.2	1	0	0
17:76124810:A:AG	rs3834968	MCV	BBJ, UKBB	TMC6	Upstream gene	Promoter	0.99058	NA	0.2762	monocyte_LPS	0	1	1	0	1	0	0	0	0	1	1	1	0	0	1	1	1	1	0	1	0	1	0	0	1	0	1	0	1	0	1	1	1	0	0	1	1	0	0	NA	0.06	NA	NA	NA	NA	NA	NA	1	1	1
17:76124810:A:AG	rs3834968	RBC	BBJ, UKBB	TMC6	Upstream gene	Promoter	0.98687	NA	0.27517	monocyte_LPS	0	1	1	0	1	0	0	0	0	1	1	1	0	0	1	1	1	1	0	1	0	1	0	0	1	0	1	0	1	0	1	1	1	0	0	1	1	0	0	NA	0.06	NA	NA	NA	NA	NA	NA	1	1	1
18:20720973:G:T	rs11082304	Plt	BBJ, UKBB	CABLES1	Intron	CRE	1	NA	0.33966	Muscle_Skeletal	0	0	0	0	0	0	0	0	0	1	1	0	0	0	1	1	1	1	1	1	0	1	0	1	0	0	1	0	0	0	1	0	0	1	0	0	0	0	0	9508.8	0.161	NA	NA	NA	NA	6	25187	1	1	1
18:21857742:A:T	rs76786413	Neutro	BBJ, UKBB	OSBPL1A	Intron	Non-genic	0.98794	NA	0.79672	neutrophil	0	0	0	0	0	0	0	0	0	1	1	1	0	0	0	0	0	1	0	0	0	0	0	0	0	0	1	0	0	1	0	0	0	0	0	0	0	0	0	10213	0.121	NA	NA	NA	NA	NA	344.63	1	0	0
18:46453156:A:T	rs11874392	CRC	BBJ, FG, UKBB	SMAD7	Intron	CRE	0.90285	NA	NA	NA	0	0	0	0	0	0	0	0	0	1	1	0	0	1	0	1	1	1	1	1	1	1	1	1	0	0	1	0	0	0	1	1	0	1	0	0	0	0	0	24550	0.054	NA	NA	NA	NA	9	23877	1	1	0
18:55238820:A:G	rs2272783	MCH	BBJ, UKBB	FECH	Intron	Non-genic	0.98472	Pathogenic	0.98472	Cells_Cultured_fibroblasts	0	0	0	0	0	0	0	0	0	0	0	0	0	0	0	0	0	1	0	0	0	0	0	0	0	0	1	0	0	0	0	0	0	1	0	1	0	0	0	12730	0.227	NA	NA	NA	1	NA	4327	0	0	0
18:60054857:A:C	rs884205	ALP	BBJ, UKBB	TNFRSF11A	3 prime UTR	UTR3	1	Non-pathogenic	NA	NA	0	0	0	0	1	0	0	0	0	0	1	0	0	0	0	0	1	1	0	0	0	0	0	0	0	0	0	0	0	0	0	0	0	1	1	0	0	0	0	15259	0.173	NA	NA	0.11871	NA	NA	1381	0	1	0
18:60845884:T:C	rs12454712	BW	BBJ, FG, UKBB	BCL2	Intron	CRE	0.99945	NA	NA	NA	0	0	0	0	0	1	1	1	1	1	1	1	0	1	1	1	1	1	1	1	0	1	1	0	0	0	1	0	0	0	1	1	0	0	0	0	1	0	0	16782	0.059	NA	NA	NA	NA	NA	3675.4	1	1	1
18:77160235:A:C	rs56376587	sCr	BBJ, UKBB	NFATC1	Upstream gene	Promoter	0.96963	NA	0.96963	Muscle_Skeletal	0	0	0	0	0	1	1	1	1	1	1	1	0	0	1	1	1	1	0	1	0	1	0	0	1	1	1	0	1	0	1	1	1	0	0	0	0	0	0	NA	0.018	NA	NA	NA	NA	NA	NA	1	1	1
19:4502201:T:C	rs8887	MCH	BBJ, UKBB	HDGFRP2	3 prime UTR	UTR3	1	NA	0.49627	monocyte_IAV	0	0	0	0	1	1	1	1	1	0	0	0	0	0	0	1	1	1	0	0	0	1	0	0	0	0	0	0	0	0	0	0	0	1	1	0	0	0	0	10203	0.06	NA	NA	NA	NA	NA	25909	1	1	0
19:4502201:T:C	rs8887	MCV	BBJ, UKBB	HDGFRP2	3 prime UTR	UTR3	1	NA	0.49627	monocyte_IAV	0	0	0	0	1	1	1	1	1	0	0	0	0	0	0	1	1	1	0	0	0	1	0	0	0	0	0	0	0	0	0	0	0	1	1	0	0	0	0	10203	0.06	NA	NA	NA	NA	NA	25909	1	1	0
19:5840619:C:T	rs708686	Cholelithiasis	BBJ, FG, UKBB	FUT6	Upstream gene	Promoter	0.99714	NA	NA	NA	0	0	0	0	0	0	0	0	0	0	0	0	0	0	0	1	1	1	1	0	0	0	0	0	0	0	0	0	1	0	1	0	0	1	0	0	0	0	0	14989	0.03	NA	NA	NA	NA	NA	36697	1	1	1
19:11242307:G:C	rs2738464	TC	BBJ, UKBB	LDLR	3 prime UTR	UTR3	0.92565	Non-pathogenic	NA	NA	1	0	0	0	1	0	0	0	0	1	1	1	0	0	0	1	1	1	0	0	0	1	1	1	0	0	0	0	0	0	1	1	0	1	1	0	0	0	0	24807	0.165	0.45675	0.41864	NA	NA	6	22349	1	1	1
19:17252041:G:A	rs59616136	MCV	BBJ, UKBB	MYO9B	Intron	Non-genic	1	NA	NA	NA	0	0	0	0	0	0	0	0	0	1	1	1	0	0	1	1	0	1	1	0	0	0	0	0	0	0	1	0	0	0	1	0	0	1	0	0	0	0	0	14300	0.116	0.36919	NA	NA	NA	NA	664	1	0	0
19:33754548:C:T	rs78744187	Baso	BBJ, UKBB	NA	Regulatory region	Non-genic	1	NA	NA	NA	0	0	0	0	0	1	0	0	0	0	1	0	0	0	0	1	0	1	1	0	0	0	0	0	0	0	0	0	0	0	1	1	0	0	0	0	0	0	1	19491	0.077	NA	0.67761	NA	NA	NA	1609.8	1	0	0
19:33754548:C:T	rs78744187	MCH	BBJ, UKBB	NA	Regulatory region	Non-genic	1	NA	NA	NA	0	0	0	0	0	1	0	0	0	0	1	0	0	0	0	1	0	1	1	0	0	0	0	0	0	0	0	0	0	0	1	1	0	0	0	0	0	0	1	19491	0.077	NA	0.67761	NA	NA	NA	1609.8	1	0	0
19:33754548:C:T	rs78744187	MCV	BBJ, UKBB	NA	Regulatory region	Non-genic	1	NA	NA	NA	0	0	0	0	0	1	0	0	0	0	1	0	0	0	0	1	0	1	1	0	0	0	0	0	0	0	0	0	0	0	1	1	0	0	0	0	0	0	1	19491	0.077	NA	0.67761	NA	NA	NA	1609.8	1	0	0
19:44278781:G:A	rs563995	MCHC	BBJ, UKBB	KCNN4	Intron	CRE	0.96013	NA	0.67381	iPSC	0	0	1	1	0	0	0	0	0	1	1	1	0	0	1	1	1	1	0	1	0	1	0	0	0	0	1	0	0	0	1	1	1	1	0	0	1	0	0	11180	0.1	NA	0.8039	NA	NA	NA	39931	1	1	1
19:50016759:C:T	rs142385484	Alb	BBJ, UKBB	FCGRT	Intron	Promoter	1	NA	0.95881	Adipose_Subcutaneous	0	1	1	0	0	0	0	0	0	1	1	1	0	1	1	1	1	1	1	1	1	1	1	0	1	0	1	0	1	0	0	1	1	0	0	1	1	0	0	8019.5	0.275	NA	NA	NA	NA	NA	412.39	1	1	1
19:50016759:C:T	rs142385484	TC	BBJ, UKBB	FCGRT	Intron	Promoter	0.97246	NA	0.9324	Adipose_Subcutaneous	0	1	1	0	0	0	0	0	0	1	1	1	0	1	1	1	1	1	1	1	1	1	1	0	1	0	1	0	1	0	0	1	1	0	0	1	1	0	0	8019.5	0.275	NA	NA	NA	NA	NA	412.39	1	1	1
20:19457268:A:G	rs4814857	Cataract	BBJ, FG, UKBB	SLC24A3	Intron	Non-genic	0.98658	NA	NA	NA	0	0	0	0	0	0	0	0	0	0	0	0	0	0	0	0	0	0	0	0	0	0	0	0	0	0	1	0	0	1	0	0	0	0	0	0	0	0	0	22543	0.043	NA	NA	NA	NA	NA	5312.2	0	0	0
20:34025756:A:G	rs143384	BW	BBJ, FG, UKBB	GDF5	5 prime UTR	UTR5	0.99995	Non-pathogenic	NA	NA	0	0	1	0	1	1	1	1	1	1	1	0	0	1	1	1	1	1	1	1	1	1	1	0	0	0	0	0	1	0	0	0	0	0	0	1	0	0	1	12697	0.819	0.69092	NA	NA	NA	NA	20103	1	1	1
20:34025756:A:G	rs143384	Height	BBJ, FG, UKBB	GDF5	5 prime UTR	UTR5	1	Non-pathogenic	NA	NA	0	0	1	0	1	1	1	1	1	1	1	0	0	1	1	1	1	1	1	1	1	1	1	0	0	0	0	0	1	0	0	0	0	0	0	1	0	0	1	12697	0.819	0.69092	NA	NA	NA	NA	20103	1	1	1
20:48887268:C:T	rs17196752	Mono	BBJ, UKBB	RP11-290F20.3	Intron	CRE	1	NA	0.93036	Skin_Not_Sun_Exposed_Suprapubic	0	0	0	0	0	1	1	0	1	1	1	1	1	0	1	1	1	1	1	1	1	1	1	1	0	0	1	0	0	0	1	1	0	0	0	0	0	0	0	10040	0.067	NA	0.24355	NA	0.2384	NA	5135.5	1	1	0
20:52714706:A:G	rs6123359	Urolithiasis	BBJ, FG, UKBB	NA	Intergenic	Non-genic	0.9666	NA	NA	NA	0	0	0	0	0	0	0	0	0	1	1	1	0	0	0	1	1	1	0	0	0	0	0	0	0	0	0	0	0	0	1	0	0	0	0	0	0	0	0	24695	0.03	NA	NA	0.10883	NA	NA	6240.6	0	1	1
20:55990405:T:C	rs737092	MCH	BBJ, UKBB	NA	Regulatory region	CRE	0.9967	NA	NA	NA	0	0	0	0	0	0	0	0	0	1	1	1	0	1	1	1	1	1	1	0	0	1	1	0	0	0	1	0	0	0	1	1	0	1	0	0	0	0	0	20619	0.117	NA	NA	NA	NA	NA	19366	1	1	1
20:55990405:T:C	rs737092	MCV	BBJ, UKBB	NA	Regulatory region	CRE	0.99857	NA	NA	NA	0	0	0	0	0	0	0	0	0	1	1	1	0	1	1	1	1	1	1	0	0	1	1	0	0	0	1	0	0	0	1	1	0	1	0	0	0	0	0	20619	0.117	NA	NA	NA	NA	NA	19366	1	1	1
21:35593827:G:A	rs28451064	CAD	BBJ, FG, UKBB	AP000318.2	Intron	CRE	0.96563	NA	0.86844	Artery_Aorta	0	0	0	0	0	1	0	1	0	1	1	1	0	0	0	1	1	1	1	1	0	0	0	0	0	0	0	0	0	0	0	1	0	1	0	0	0	0	1	7728.4	0.109	NA	NA	0.98267	NA	NA	1335.4	1	1	0
21:35593827:G:A	rs28451064	MI	BBJ, FG, UKBB	AP000318.2	Intron	CRE	0.91896	NA	0.82647	Artery_Aorta	0	0	0	0	0	1	0	1	0	1	1	1	0	0	0	1	1	1	1	1	0	0	0	0	0	0	0	0	0	0	0	1	0	1	0	0	0	0	1	7728.4	0.109	NA	NA	0.98267	NA	NA	1335.4	1	1	0
21:37834258:T:C	rs128494	Hb	BBJ, UKBB	AP000695.4	Intron	Promoter	1	NA	0.35507	Pancreas	0	0	0	0	0	0	0	0	0	1	1	1	0	0	1	1	1	1	0	1	1	1	0	0	0	0	1	0	1	0	0	1	0	0	0	0	0	0	0	17130	0.165	NA	NA	NA	NA	NA	14107	1	1	0
21:37834258:T:C	rs128494	Ht	BBJ, UKBB	AP000695.4	Intron	Promoter	0.99999	NA	0.35507	Pancreas	0	0	0	0	0	0	0	0	0	1	1	1	0	0	1	1	1	1	0	1	1	1	0	0	0	0	1	0	1	0	0	1	0	0	0	0	0	0	0	17130	0.165	NA	NA	NA	NA	NA	14107	1	1	0
21:46271452:C:T	rs235314	GGT	BBJ, UKBB	PTTG1IP	3 prime UTR	UTR3	0.99034	NA	0.98875	Liver	0	0	0	0	1	0	0	0	0	1	1	1	0	0	1	1	1	1	1	1	1	1	1	0	0	0	0	0	0	0	1	1	0	1	1	0	0	1	0	10050	0.048	0.097601	NA	NA	NA	NA	28994	1	1	1
X:31854782:G:C	rs1379871	BMI	BBJ, FG, UKBB	DMD	Intron	Promoter	0.99999	NA	NA	NA	0	0	0	0	0	0	1	1	1	1	1	1	0	0	1	1	0	1	0	0	0	0	0	0	0	0	0	0	1	0	0	0	0	1	0	0	0	0	0	NA	NA	NA	NA	NA	NA	NA	NA	0	0	0
X:31854782:G:C	rs1379871	BW	BBJ, FG, UKBB	DMD	Intron	Promoter	0.99998	NA	NA	NA	0	0	0	0	0	0	1	1	1	1	1	1	0	0	1	1	0	1	0	0	0	0	0	0	0	0	0	0	1	0	0	0	0	1	0	0	0	0	0	NA	NA	NA	NA	NA	NA	NA	NA	0	0	0
X:39710195:C:T	rs3002416	Plt	BBJ, UKBB	MIR1587	Upstream gene	Non-genic	0.99965	NA	NA	NA	0	0	0	0	0	0	0	1	0	1	1	1	0	1	1	1	0	1	0	1	0	0	0	0	0	0	0	0	0	0	0	1	0	0	0	0	0	0	1	NA	NA	NA	NA	NA	NA	NA	NA	1	0	0
